author,count
cd2eb3f57b7fb0d8e4f735557043e33896dff796,62
0835cbeda10fee9807fa061220d264fb9ead0305,38
09a951aec5d1691712f2445b0fd48196058dd038,30
9f7fb2c81c593023e296aef5bf18ac8fd77c5c3f,21
f5b3cc91e1f4fb9854c8041fbed84a2a54990a62,18
6d98eac88bc819c4fcd4bfdd5e3e8762fe1431f9,17
74f17a92f8f5bcbba861028abedb87c2d0284226,17
331d85b0c3a0e27a711985e324916918bddb0675,16
a795d7a31ac5fa792f3689881b907e5101f78381,15
0a12e121464772273371e1c036115d3ba6b74196,14
bd8a3f03ce665adceda72ba1aaac44f33bff701f,13
a29a4454aa339b26be6ee098556cede13d9eab59,12
a8c6844251205c3353dd8f29ff6de3218e2e21bf,11
494b5b903ddbe80e2cf24575f193855ced6eecfb,11
6dd6309eb22f03f65d24b0f4c771fafe65ba2ab7,10
bf0ef940da9ca53fa33dc32b4c1f774d72c62904,9
d1d6d58947d5dcaa8d130228befbddfe5d4f36f2,9
6d2bfd3b11e9565883e712d6c71a5ca44ec13fe5,9
8839fd38bf76bc062b369138a67141d855e400e5,9
a088868136533470fecb41c2d8012f688221731f,9
1ef4db9648d3d40ab11013c4d33ce84c9e13f4bf,9
457cf215e015e35ceefe2c694e9820d7c1ee3c06,9
d7eb72c26b3f56694a74ef98b81c7c1675ccd2dc,8
d83cc2ff0c11218ece951b89202bc61ca3e8c554,8
5b4baee602e7a2b20c1661f5f9f9f6d5caa69815,8
53e10b021ea11e569b35f686bde11db2b59b7d87,8
bee34a5072b5323521fc4c6127a8ca41e07fd0b0,8
90e650f3b81ecfa6daef8751d11a640b86a2d1f1,8
3b5e58c2fe2e90a2b39eb43df81e0992e2cc311c,7
edb40583da576fa76cc93cbb076d7ef58db52cbc,7
2f73b148d0d730cbf00e1dfaa89dd467008642d2,7
e4dbb0d75996604c48ab08f88b6932eab1e4ee09,7
37638cc90cd7cfedecf1c0626580ba6c441425ee,7
89a7722c070d4275957e4b2acfde79f3750586d0,7
0a81f08b4ea852102eb4a9a7011f4b8ca6d371d0,7
fb3cf8a948c33b11cded595d2f37d79fcf1a0851,7
a6c3b929e3b7602774c922ece2007efddeae212e,7
4e87a53baf903b807dac62f1dd731822de85f43b,6
c472ca0af81d3c9a1b03391ce420515a8d6b62b3,6
c317ebfefa91da75451dd924666d5a9a987a2cb7,6
706e6549eaa690ecc710eb01636f41d12c21b856,6
bc76115c475bbae5acddfe33028479604323cb24,6
831584b4f309a28e500de54764f795b5d02a7121,6
e6fd945fc0f6685cf4c8668e5c2bccd68705b578,6
67d6778fc64c10640cfac744ecc68a19245b0961,6
fb18c3179dc9b4cc21a3cf605101586512b9126b,6
a10a3c941a10ab7e313dc9aebc883de7a88d0730,6
8ab7805d47aa21ba0631d413496082b42556f77a,6
7aa5f67bc394ce4d24dc055301596ad9ab4f8436,6
5add288520655fa69f8016be055fdea0f274a8e6,6
23b283b2da243bf38c8cf77686c141f4bbe3c2ed,6
0858fd7e5a5809daf95265c96c84e9fe388d9cc4,5
b4e41bcb7020e818df7ea6ecba05fc80f38de982,5
7ccb87f80da18f66223c0135d47696a42c968103,5
a9d68174758ab9459b1e1b87b61f9fa2d0dca4f4,5
e92f334dfdfcbe5cf8df4d9b1f45f4ff24173713,5
e06734bd8adb46884958ef3f1568eb33f96b3d9f,5
afbecf4c8bae52542dd7c4303388cc652e913c6c,5
8b59605939abae4ef168169d1d0583eca7af0a7e,5
c370ce20a691f2a49ba46c370e412670a29b8fb3,5
ae49cf5a2a9354ceae850b3b32eb1f2ea8b163b5,5
c6d8c3d09f1f68027f37c14050cae67717c5c7c1,5
9fc2ea8b5be9471482ec0938742db10a94cf700f,5
6ce2150cf58c7b6982ddb1b45d9447eb69747f8d,5
ed193ea467468606bf0e0a25730608f3a889f763,5
c66e250ffb587b85d1ab15f6c7a67347e570496f,5
68efc353094fde59aeddc1ab0270761f90bbda1e,5
e9f1bff000d8c3e4d7355557c064f631858d5901,5
e6aff3d679b7025d1e58eca469dbe25a6bc5cba1,5
2c6dfaefbd3e93f8bb5909640adc5d9ffcd1705c,4
8c6ca1ac8684a55216047ecdf070adda14c8dcbd,4
2473d776892e922a690f5cd31ba88a698bc0a0a8,4
73a85b30c261ef72dfd8e82fc8717865f17f8914,4
8613a90a4fee1a3259ff99bc091ddeebc7f1624e,4
773687f4d7ff6ec88b9fa80af39cff8689a1d903,4
db0bb8bee8f9820d93546e557b905c02f45590e0,4
214ead38fbff89a7197ce180cae41be20059d223,4
b4245883fd72e3dd24ff9712f189dfbeab30ff70,4
9bd41fe205a2e0c5da2edec6c91f35c4ec3383a6,4
ff593f723a476ac99eee053b97d73b1491b66019,4
f4f2ea6ba66d0ac4e219f538e1b204ef4159ec6d,4
f37a4c69c7c7b7432526f572582fa48daa6ed06e,4
a760b7ed5871b77b8338bd5dacf2b8de3d608528,4
7848b7446f52447f82b26f033ed5e9a5154f8114,4
f85e0633f0389be325295c87684b11199b56d40a,4
24a1ef147fe112ae96f9fff0d9678914c3cc6383,4
32691bd8e68a91f301c5b6be07639cc0617214ea,4
c36d457860dd799cea2aefbba3ccc698becd65e2,4
3bb947c66519fafbc9fb127fcff88c859d5acb26,4
4d044507898b30df208029c57b1279c2c32380e1,4
ed59c51d80303930119296fcb88744c2e037a80e,4
90de5cd7fef3b7859fb5da284d3a4ec00fbfc750,4
cb17da29073797e7b1724151a7d8f2d2bcb94b6d,4
98a283596b2168bd569eb7f700e0c83bc4a2b661,4
18d96abfa85bc484b0a2aadefd0793e1509e2255,4
0ba7be727bbe3c08b4147790f4757884cd6fed66,4
2c70834dff52d327524eebb6709570701656d02f,4
6d71bd1e9ffbcb975d4eb3e70c25cd726183af55,3
f0d892c2e7fa057e9e207e58ff7149d3e773f689,3
933f0a47796695d094d63782643618d634240b94,3
7d5f02c8464ee02a244251a8d37b000d7c9cb3c6,3
6c4bb52a94415abaf7076a522328fdaa40ecfb6c,3
5320ccb08b6b7b689a7e2c5b101b0de5848d686c,3
ef8d946f4b5e658d407ed1b0edc414a88620a91e,3
2027c60328418bfd76b9b0a435f1f3ba696129f1,3
ddeaa7241568307f193777f87154b02feb178b10,3
43e24c2b0bb5a63b5d77d787724cc5893f2f0013,3
ff6b9c3d6ae79c9332246958a44d9c7dc92d5fcf,3
73606fb5dbb4beeef90a36a03788c3d6478702b8,3
c5640c1bc16a38b1fb5b381bb24fd5b0ba6a50dd,3
06b341ffda62c73e0f286fd95195bb6f3ae6a3d4,3
fc2fcc84e15b44451fa06eb5250f9414bd1bec6a,3
9606efca6656179456230b3d7f44db67d825cf31,3
5c95d5445a6ff586c36d141c860bbe17ed08d724,3
2370d6a1092efe93f0155118f9076b306f41826b,3
079683dedc7ee79a481f5b9175c0912f90c4e766,3
6805b556c68d42fad20e32c6be5e60a21ed47c06,3
aab282093f9cc22c6ac38655a8a78623198621b8,3
a6339203999a5edc9d326b63101ebb9e0ac3d1fc,3
d1b50d479cbb837ca01106d5b36b555b6ff5302f,3
fd3001e239207f3242f80eb49067f2eba5f526a9,3
841a65edac8749b1bc9e67460752474625ff99fe,3
0e59c0d2bbeac0698f18cdc25a5a9fb16f74c4d3,3
ed8edee36e8b3c89583c88e62949e4ddff6d668c,3
9367f780c317e5f55fd3f626d3b777acf04f9cb1,3
675791e5519665d3d0b1207df1c618419129def0,3
1bea024c3e8118489502bdc103b68233ec212736,3
675aa8c1f82f7f0b817e3fa8f9f04053f3ea1fef,3
a1b2d196379b356dfac0484feb43207ee54726d6,3
196c378b97107ee4eef6f5228ec98fd42829f1a7,3
7b822924bc848038be349eec3b8b770741bcf457,3
9fd3a5a1065102a41191626ef2bc79c911196614,3
060f40bab53957da84ff05c57c0ab0fac0989dbb,3
ca0559e321fbb7756853ea8da592a99950493630,3
364e01bc78adee2db604ef9ede8971145792f285,3
e479e9a67dda8d8cd2a13c99119ca23981313551,3
528029e478a0dc5650ecfc9549692479e1f770a6,3
a4c5464cd4f71dc544727d57c4fc8ace66410812,3
7485fdad7ef38d7859ee9984abdae9b3e6d9672c,3
f1e6ee5a822117fd76c5c1fbe3991616f0d7e92c,3
25a5550be6df60589dc298215c99561014c94081,3
1a42fec157ce113aed775e8eb79b7fad250c3a2c,3
bc74f8d5fdae8389ab10354bad33c1f6839f6239,3
f650b66b0e0ed4a83c5e8a016c79b4a02828b906,3
1e17cb4a48b3b86a972bcb8630cd19a577eb655e,3
e27a90656d8d941c160bb6c16e0aab9aeb199d89,3
aaa05669712d0a5c1a34601140ab772449c73549,3
b19ac199f5c7ebf2de2ca841e7784b02ac9a12f4,3
217bbd67dc4dd2ec2e6b1093155dba8139fa60c7,3
48e9dea97bab4b8439052e0e2b64b3300955b923,3
2be71dee92c7d315e0edda8b54a947c04f7c387a,3
723f6e696722a225fc5fcae48cf1119851169dba,3
d66a392ba109aff36c0312a8b668657b4477dd9b,3
00ec3eee2b09c3fba83e90a0ebfde1f80a4c9b85,3
7adc6ac626d64a1f1161537f5cefa44cffcbdb5d,3
5c4852cbb77efbe10bfe10bd0f4bd900f7963a57,3
70fd885ac54c9ac295c519d9bcb00d344fe0a08f,3
a7ce2774f188ea11833f82ba6de2802a9964902b,3
caa24a137f0a0577d275b8320d3493e8ba4b60f8,3
ac8527c03bd9ee9ec105b97449db7d34bfccee68,3
f04eac38c5d09900f994fac557e933f49d811098,3
c2fee5a46d9eeaeee8cc93c77a51ba003247fffc,3
e902f955a94947d0072d9f20a9b7ee3fe8ac79f1,3
37752cfe93eb971d459596a42d4cd0524364298c,3
c1c2d9ee5792aac70c0394529fa0ffc4e7a9433d,3
02ae1962d65886258213d9d5ec33ce7c8d661b39,3
bc56e05f5dcd1d5156d287549b56725785a9f78d,3
aadca316e4c7f93e894ad87afbb07f8c9fff1c9e,3
0b9d802314504b88ecd8419c6502b13031b9db21,3
12a840e7363114ee15ec86132b2a8d2583938e96,3
659f07f81b5bc8fc0a322c375df580d034bb49d7,3
269c1f6cfd6ace4068f79c920b591d4e0cf0d019,3
d2e6989b7612e3dad84cb282b9339b3f4f251bc1,3
dd65c306abd46ffb875a0f51a23a917772cc2156,3
c15f3f7b6f89ce358beefa864dbdec6e87ef5507,3
dba7ed04cee215cc6189b1a9b7f788208c890cb8,2
d73118431f12f987e23ff3ef61260de9ed6881f8,2
52a5115d663d1d0cc095c6b6351cb3daba8843df,2
d6b59ccee22a90590c8e8cc0e200215b7ecd42bd,2
d9bd0c285285ee33c0e98fae1bfb06e850ce1e5f,2
008a1ecc16799da2cf0c05fb77caec5f1bead712,2
d68b78390d54e9910c43e4e49cea2c91afc91389,2
11d0e5da684891a249d135c3a7fe113738545c4b,2
df214676b606bcaca796f194533d43ec17027719,2
6af9b6936bca9180722adc7f38588e07278723c5,2
62fa2971d950fe95e0e3e5b3d00be185faf460ab,2
4e03c047b791ee062daaafe0ec71427442f87fc4,2
b2819789c1e2d9204b154a2fda1d49edc749eee2,2
8aaca2ec9f5aab35747e74008a0f09b523e3abcb,2
8f4ddfa0ea3b98d4b385e418ae338861d45685cd,2
b5c7db8a96f2d7d350d217c79ba87d793e37db43,2
e541ee961323b76068e971bb41ae55e42c2a9371,2
555125ef7ccb3890d173da19c6290a656e36aaa8,2
b3be4cff76f9f46f834cba59b2dfbb677e0a757d,2
c881e20f76a01a63e1acd70015022b2496a84ff7,2
fd0c93e9d913a0f06ec8593ee718c74502159945,2
196112a964de5e0810f426b564f51f72d8e04081,2
bfaf864416e8e98a3325c50f6bb08e29c4af1e6c,2
dcdbb2723336d42126ec2216607b3488be70f8f4,2
49ca8f8faba842bf485b5cf7243311db121624fe,2
7fbd8cbb52c0c371369b47bb5b83c6b08f7d9853,2
5c133e90b0b7b950c58e5e9437f1e9135cd1be19,2
4ea3e85e3c01a35c77ce0421060d92af09ff875f,2
092c2eebf8428ec7aae5ea471cc7378662fa3fee,2
d11e382d1f7ada09ffaccf8ba4985957524e853a,2
4c67bcb9f846154c8892dbf4c5564254d53fc2a6,2
c6d65f250829711e3bd695acaa91173207a919fd,2
3d12ac1de4c918d394705c8a82a2c59865c45829,2
ce576bb4bf6726cf0754fede8e2418300c916daf,2
cf83b96abe28c1c88a5b254da62ae76480e665c3,2
204d3855c1ec70603823170034e775c646c4877d,2
b0ad85395b58df3d0f2902d083ac497c5af8b64c,2
1fea47b63ed4fe6c5a18b00f4ae2afa9d9d364c9,2
3a53016ad0118faa7376256d842407e6773cae8b,2
c26ecfa6b7960bcb03a2e07d49547cb379321a37,2
2f73464fe9cca9f7520039451dad7a1c5e41e724,2
c13710f259d9930dd9c1e07a4480a9ea8ce2c564,2
f391a9eb45cf81340d8010994b53cc6230c45980,2
432157e1f08a0a3615130191b5a88e71b68043d6,2
0fa37b277e4210b63316f00a1c5c9dfef2c1f1cd,2
92f32cc9291b8bdc4e164d07e9eff26f28475998,2
52bc5980f4f79229e7d8404b0c59604bd4715fe6,2
328088e489a4e2130a28c061a0d339c59a013008,2
af8ef7dd33268fb8554965b10df86a6e124f87d0,2
9f8a5348ef4bfc012d8d2b20b189d2dd0432abd4,2
5dfd2511a333870f8d57a917e86601f703c8502d,2
010212e5f220a7f5b7c40a191afb21aba80d52df,2
b0d40460d6cab6f1ed7432896f22a3853a3bc82b,2
0c8b4ec26465721e74423379b3b530921e9d7bec,2
6e816260155e406809c6c618163d10613b8f1f58,2
d95cd94a35330efceb94381d440a228c6911b39c,2
4d13fffa9208b42669d225eaffb16b69fb95c598,2
62f23fa8b47fde5f524e8b6dc956d1135cc9d999,2
2028e1183d0d5233ed5179ae6047140183afebbd,2
c42a602abed20cd1436014c39fbad942e48d6034,2
12c2f196f7b5afd49bb40202866a489582c8affd,2
9feb5762625acc19838534e3940831e4f10baf28,2
eed870fc8e8f43932a1d1b654f6a56e2db9cf165,2
df9336eb97c67a96ed7fd11057a250458bc48dd8,2
8a33fe181b090bbdfb771f725aecceabcd9596b9,2
847ba62fed04e3acd5297369c60cf4e3bcf370e7,2
cfc669244ae7279d063461fe8fc66a5306c70a80,2
82bfff09ee6323e459e8c91cb0cd8f46835b8df9,2
2eec3b2dc0d7d65322ebafba2249648d03b20b16,2
8ded3f364f8202eeb077bbcd54b55f84d4825dfc,2
c2e8939d59eb7b703a4808f7fba399d2b92c688a,2
149ade16cbbd0522a63551dd88eb2fa5edc86a2f,2
31f5f68fa200d6b105e4ec2e1e728ccca84f087e,2
bf4bf699f3e2a766aa913acf8052e424f64c557e,2
11476beab1327f2da630855e1c5d3c73a84d6284,2
f769342b9a5bd5c4713b58a3ec2b865cbff1b2ed,2
1310bb6e6d916114906eb5f6546d9c1d447da4a8,2
40c25b3aa42afbacf8395761ea268a0db260c558,2
bb28b0606033b4896accf47a5ec16408cb0432d8,2
83030725028410c079ba774e873908c4b5db082c,2
7f8e2d51bf52910638f9284b1005c51fe03bef79,2
9e414a952d58c5161f8879de96aced6b0a9075e1,2
a108b40e637bc24fdf22faa5c1c852c44ad9ba00,2
c276635bd8eb16df6d2bc5f04952f8cd73c3ae2d,2
144b0eb21eab4736267e8154a7c0dc82c7d00127,2
fc4781ba08dc2eef6a01365f02d0dc7ba327741a,2
d9b181e01a261ded45059f434febc79a32f0b981,2
eece4479441999b678cc5c0ab74919348a67b894,2
edfbcbb2e91ca1504ea4c87c14d2066bdbba5bbc,2
7fd0ec07c34a8cfc38eb7042744939dff48da1f3,2
cc991dc067fd6e2afd713e0fef26307c34ae9564,2
1d3b87e02eb650b880d1a4c8731a1f0420ff4feb,2
f111679d28a1e710531b8bdc37ab0b2a13976051,2
9334cd8b529400cc74e5804cab40693747ddb0c2,2
359f905d61967fc7dd6955a3c438c97eeedfc0a5,2
72640b582556731caab56b03f609980e12d718a5,2
2c458ff3536725f3eb921adeff20695630310610,2
2599135117b38d81091e9b9586f8ab2b38a42522,2
2771724295f9b93665c7bb4da71c7b2cc719998f,2
ecf7c0187dcc28a2b82eee0e8e0088b70d1600fb,2
5d33c3836a5aff8f9f89d587d16b7d85af538620,2
c7bc5530d51b05a97870895e14b678156b19f1b3,2
7225f66f2ab545764424b0ece00ffce94178a33b,2
b22a7af905e016c8e99533d12a56d020061c70ae,2
8d11c8068900aedfb085da937f7b2dcf311ab94b,2
7e8e24c1fd994ce9caf1c4a1a5bc792b28d0891a,2
0aa3d0942aa9fe8ed074bad2a0004ba1b0e8b9e3,2
0c79252d00c8534f61c0bd9597e9cd500158bf6d,2
02eed3d2cb57d54fdaa81d1b7cae3066dd3d851e,2
69f59d7531d78edcfdbd4ded42ae0b792d6b129c,2
eaefb9a4b9b9e66677dc73c0a176296fb4c10ad6,2
81553250fb1167571b52a11cd845ba56bc475d38,2
8893001b2581f2c18a3b08f9f591b1901895ae6d,2
ba891c742e3ecad5ebccc333bc51338a376a5d12,2
abc9c596da39d7b1064050cf28ed822a3b8c59ce,2
dc553ca31f53242f10f4f36fd046608a7de4a2df,2
bc054bcf363030dcbe898ed5450d21eab6e59942,2
9e0214109a0bcb70ae2087bcf0105b7ea5922d17,2
eed7d1b7735a59ad5a405448c2687cda656566c4,2
f2c6f2f9844521cc0b06435ccbacf961ab0c88f9,2
f6c12fe48eb6dc81d14ff62d86f381346853a521,2
15788cd26362a2af3b96c6fc4c3438e2c0c484c3,2
ecea287956ca13de20c05f7423011a63d4075028,2
1a6b6c31e421236b4965d8e4146b2014a50f54ff,2
5260da70de13d789cbda757efee7067e7b9868b0,2
c89aa690c8358bceb5278809c4c2803651f30a98,2
e1749915d04d539b28787d9c9248d055a3db8287,2
9740acc495a7f9a823456d9e836af7a6fcf33a03,2
b6fcf2955719ae65eae196edb67b05273e51de4e,2
ba6383152fa203b3b052bb4367cbc5d082bd7159,2
d52bb1dd921f1fa8f0c7353d941572c1c7afda4d,2
484b2fa808b5b5c6deabe0193a1eabf0e087a085,2
e3817c25239819efa58b3ee13d0bdcade7226c68,2
9b220b6bfeefc6bec8bb36d25ee58240e374ae8d,2
30d629940057e3fbbe161f81577a30ec77900632,2
bc96a8b79cf7bd8e02043546f33b6c49a4f99079,2
bdafad16257b1185d1256afeaa5148dbd850722a,2
62c73f8e9975640a8a449830a319e144b1f156fe,2
0ae4160139b2268e33ea2f8b3c5ec249d352cff1,2
6badd0da87e011dacf336a87c8f19c7fb2956bb9,2
008f2710974225ecf2b6a8455db043600b180c65,2
dbe5dca6d50f760db8c85885b72a0b311025436b,2
7f7528de0a51221e1e6d3d1640be62e45057eadd,2
22919b136455a33aea7a4447c3bbcaae69c2522c,2
34dbea27b17d35ce4249ed8815d157f27efe8e42,2
18922aca2a421187777b0084a1fcdfb8ab09a481,2
bd35e83de7945dbd31c2ca1ff01087392a592ba8,2
59c6966c23ac475a7c291ad63288a8697a24aec8,2
cb5e49b9ee4b806a715ac4772ef11eacd05c2493,2
69824d354ae56d327d784f7c2143a3defb7fd1ea,2
46d11c1fb77ed3656e327ac416e38523851f9e1e,2
5acf4f22ea1356612dc13a72a4c414a172db5a61,2
7eb4feb65effeddea21e033d24c22d5275f6b2fe,2
fd9753d554589fea9e23db04f2181ac08d8b1c82,2
ee3a3568de7f41626cb01472ba12b3b78201cf03,2
f9554e455e2f295d1d43bfc4a0997adbd820d6c8,2
5156fce19b24693850b0d85170fe16e5b82c1690,2
80d16c05e36f5c181952ad936b29d03d1ddf81fa,2
0ea21a27f75636c5dddd829f66e51f73e8621784,2
3e23a8f111ae3c6d19f1cf7dcffc384a372a5552,2
252ae8a0a0fb5ab53fdd45053241aeff4d40a829,2
55d4aee3886ef51be4f17461e68aadb7be20c4de,2
b2969900db51ff5cd923c6b1e2551951ba5eb8da,2
7020a4feee4509c4150b69bda5aa65f3ed9f2a19,2
4c74bf5ddb4c4e40bd9c33419c988ed7c80fc937,2
c64a5cdb858b3b486fbe7f2f8934be38ab201c1f,2
367df944d37cc3b8db41728745f61f5cc5b0f616,2
d90e3ba104b1d6803571f7b69105cf9a4caad675,2
96302720cccaafe22abf7f3b0f274ca744ab4cf1,2
c4588e334e8cadef02ec92681af7285b5ead987d,2
632b5b2b05b6cf5906c3cdb1dc9a9f340c18beb0,2
499f630df8f0d5724b1b4eb814d0575d87b956d1,2
918165a03962b05aef8e61a5d754ab25d2dc23e3,2
4484eeab0b128347f4a74797bab586ed1e178329,2
2fd135d5d1d403367c87d54552840ebbbc719d3b,2
ede9ca17f921635fcf40466dc04384319f737158,2
b4efed1777688c32521f50a6f69f44f5c53c0978,2
8bfdc95e414016cbe9a79454d2ea842315c40de9,2
05e22d078fe5b5bd0a5326702f7d9510143731d3,2
db2f7bcab91ddb24260e25575d8e50cb3c1500a8,2
11fe8c2e217179bd1a66a2f212dad7028dfe251c,2
48798afa0b32d128097dab4420a5f4e3cf3746a9,2
56d8aa21b34da54295edeb7ca45bec124d594e82,2
7f1a7a69d385802facfea26ebad0d23a45452399,2
e7cee063a2ae85d5015694feb1b2990703a661ac,2
1555708c80a39717499a82600224107e6de2849f,2
6e0e3fa4c0e8f4aabf6fd686cb1872ff0299d1d1,2
dc0fc07d0374171eac4c2f221de50a59cce5b85c,2
d413c6c4fc1e1c500510e2ce46599848029cbcee,2
a3237bca42c93c5737128576370ddffc6f6aba15,2
8545c3a0e5109e26578958a7e7544ab9e1c75b2a,2
b986693d64ecb4bee28c399f55c4db9cb3fc166f,2
79f9e45beb714d07c84139c4986c5d816c4342eb,2
7d73a0954a384a45fc81b83cafc71ea76b53e103,2
04f7af6a2c198d2da75e7043c36fee9159791034,2
97741dd268729c33aa8e44e2dc7feadd0972ff47,2
2d922ea232f479ab575627042c7f15ed55f676fc,2
37d59cb3f48f966534af57130c3c63468a2f8555,2
9e86e36b89edecd1e5d77bcd0bd0b9ab1978ff2c,2
70ccb9885bd95330b312de2506d74113dd237984,2
33051bbc69f646d3866c22c318f8607505ee6248,2
78e8547091b197f076b4d9687002d819ee3d4201,2
ec13a908ddf092a5d862fcf22d14cd347cba245b,2
0376aa2ccf88808c4f8629ee8055877eb3c1ce90,2
55575367cce76f21113472e1c4944f73aa203522,2
f58a5e90148a0607088f0f8c3de88702c4746a10,2
f71eafbae862ff671e588a1386e578ee88fe596b,2
af3e39659225691bf53da5791a4ca67440b4547f,2
4db51bf08971401ba73ccd64e0c29d7ef61dac17,2
272e04fcce4a9de9f58886c7d07ed8efb75d1964,2
e6ce2b8ef94af61e273bfe91c032467ef47aa93a,2
0c85d52344e30b183c7aa84c349cf23c94689b17,2
71956e2c18dd57652e6c4078b202c752104f0691,2
2753e0a69ae184f89e6b1d7f59b7bdbe3539a6c8,2
8f422ae62cfe7848287e4015dcf5f6e13080a409,2
85ca1a06ec447d4e836bf2ac8eb5ed1c7eac1f9d,2
de324033c58c65a1865f7280f8c4658436972ccc,2
8a393fcf6b5dd17c92ff8b6eae06ef3daf88e966,2
3dca22c1930efaf3beca9d751bd60fab05c3821d,2
fc7e32da889749eaba17cd98a9c690fb82a54526,2
0ec3ca965613ce6ed6a821c1b04017ee801555ff,2
fda4f1338fe7ca0500dac89900669dc4598c3c6b,2
b4e38430936a9044f7320db9f5b1d351bb78f367,2
5129d4e8dd953b727868d64940a39b52b9d59af2,2
1b8da7ea7e208bf14ad8e821c9633d5e59a45a0c,2
b02987cf7e302cba6f7cfc6b49b1d30a8f353882,2
d0f652003b308d1e9001fcdc750a55cbdd2dcbeb,2
c0b45ae26836f595df6884d35c26a5ee6b37c5b3,2
bf687a9caab593a7ff148512f1cd4b80de8724e8,2
90d3418e387882a4938645b0c736b273a9b83ef8,2
874838869d67fd376e688c9edd7505030ef33203,2
58661d32286132e53edb3e6da8966314aa51b45e,2
4d84f6f61aa52e60b19ed33486db7ca91a37b6e7,2
7a8bcf9d1474e1f50e750fe556b876a4d2fdf9bd,2
795e1fcc2fe551eb248f5775b6a9b0ca47946e02,1
d3ee46d1acbdc67334e2326e43b67e588deedbb6,1
1588bfba01c16f934595486c811850e485906a94,1
792640d78dd4a72dd59fc33017020f1edbc60d6a,1
6f93851ef3953856c92c201e57313430ba4a9ed5,1
7ab41ef2e9ddfc2d470c30f3be13b4fc6ba5be9e,1
c2cfdc56602eb0f61f7db39ffed28232bc39b0da,1
cedd1b48a490ba39ab74850d9b0c0f20025d37d6,1
679bfe39f52f8cf94a341231d3ad94304d8e1053,1
72b240366ccebf4a71b8c43af8c70ec1462aca2c,1
eaebfd1a34c8284b76b5c26ed3e4093db9bf6b67,1
9b3e153f5398da58cd888ab5ae3ddee16aa424d6,1
898e0536df8e5fd3e79c57fa8a8455fc48c5022d,1
567c10d0190da6bd2efe9542a01a937d6eb975a1,1
5844f1695c49552713148973f11c6d1d4aa2cc30,1
75aef4536bf204369f4d4ef1e70aa00852cfc079,1
06b6a85ab5b89c44ab2ddbdcc0cd26514b125a0a,1
637ecea43d5d9327c2ecd5a97095f87f029e24db,1
82e5de56d99e86f852d9788d7dd4f64d62b3f7d0,1
d58ed5912f0ec1a0a0d12752826cbb63de2ee70d,1
4b27be4d8f731f49c8f912286fc492f86cb7b261,1
60bb5c72e44e1e6d95f817464369e14776963ed1,1
d8dea168080500651a68dd3a5c34a2e1a2432abc,1
de358208485060971959be36e896f78b5133aad6,1
9cce3d27edffd19a3362ae97cd8ad8525d9423bd,1
89045c58ae5a5054bcf41e626e4ca4787e51f3d5,1
3e72bd8afc376d1aac9b262302ab1b30d3e4d1a6,1
bf651864ac8f53216f8eca6029fd424a139a6753,1
4142401914ac2dff844cae46f83ea5aece4e261f,1
63081ea4c7a3f5f0570ec5ec527c84db1e5a9061,1
628d60836853a0b0a04d51c74dfbc965fb42944b,1
088dfbc1d7933a140022d51d34ba69aebda06b7f,1
1d2fc742631d2549749794eda056900ed7494f6e,1
43ce8823a783dc40f7aaafa9f56aceb6e6d8b912,1
238106ce1d1bee1bf28664a6046872468301d5ed,1
c07277c54ccf01bbdb82e4c2e2f93663b7d10e17,1
c494230901566ee8f12688ed9f2167952bdb3b45,1
07bb44cd25d3d3599f194e6361eb44868d7913bb,1
7051a56000d5cdae7ef92bacf5c2442ed0284fc9,1
44495ab77ab91e62f02d3bd3e9818b4307c8d24e,1
8aa76fb20ca428339bbce7561c6dc48ae119cae9,1
f82bfbce9d5bb22a7d1533a182007d5d5b6707a8,1
cd7ab35b07244f0a62074ef77530dc1ae998efc5,1
99a3bf6be4aa912f909549b5324d9d726332bef9,1
ca0d1c280241bd6f1696e4933c8e29a51ddfc7c8,1
4e1d1c9e5759ab0d5b7b5087f387ae5a579b9469,1
995724900375b931ec371099c1b075374f9d3d73,1
e7c1b7ae1291ad62493d0b27262d5a49efe607b7,1
9e708332ece1c8f0ffc68729faae4e1426139b22,1
d167f74b3e3c2cb632c4b0beb4adb736d6d5b593,1
a66d0d9d807da8d0f56ba7df02841a672897bde7,1
8077a449ddd4cde6e19c2f4076ddf2491d86f632,1
15def2769c17fe267539e1dbb95de7c82111fd45,1
5e421ca1ce69c7716b4abc1ba2860c767270c4cf,1
3e1ba477235ce1a9329a7ab4c60e6afb043d475f,1
0f8301d4cb60e397aeb9f1d972b3cb713cc5fe52,1
2d1a9fdc382ad58f5e6ad68f666232ad5f079e4c,1
c6065cc3bda837040da243b1ca0de94a8469137f,1
96483dec0ee78692e42930ad5302f10024cb9f67,1
77175cdd505c6e9d04274d66863464fddb60a081,1
6860bdfd7828fa213d5b57450f546ac8c0a256af,1
0dacee79956fa2dc8d363987fdfaab869a1fe243,1
72447576290e685e794b062e2e49881ee69d0579,1
eea8494d833438f0322548c67bcd39d2f8d7ea75,1
a6f2b830932b2a84b9ebaefc6761f0dbe29925f4,1
eec71e2c98b9e9d3ab457d230a76e28c8c519a63,1
ab43a3627b23bc7fa5eaa5f813522c9ffe7c0bbc,1
7c5fcd7c0e974893c24ffe4bad08453e40b536a8,1
d94671ff80a3fcf2d055321e02d48e0748c92e99,1
6fac968a55b0d153be5f51bf75760d0b652937dd,1
8f4cdb3e1877335e29fa9ce5eb7bed4b1e3e2e5c,1
d3ec7093dcb6bcf015b6faf4fcff2e9df320ae45,1
2479a7b2b26058116ea0cd19696d7f0f508b113b,1
088426af4449a951bf69815ab11901269f1ec587,1
a5e0d40047f49801463ed4327caad33ebdcd9765,1
f939aaf52e242cb7a05fc17e86ee19bc6b8b3ffb,1
644251ed8ea30e4000f15fab289a3f33f70a73a3,1
184546b9551a174f31179a824f9713a14ca80523,1
df4a806b8a40ccaf3052732067a0bac8ab839a7e,1
be73ba4d1830cab4769a5e836a0e2b30c3bd29dd,1
8729139c325180ef78fb77a5fc387ff6a0ca4334,1
33a1114a5d1b0efb65bc77a2621a3a91ea3f3dae,1
6fc88a2d1cce9ced2351865031fcc27715f5870a,1
b8e7013f9992800be2b104bcbd1a40fb1ad3edbf,1
814c5f0670f4ac73749ed1ad8a631e7b46710616,1
414d50280b44dcfe6999530194290a5c5a6cb48d,1
a6c8e915bf97f5b5639f94801a26d6f45f5e7b73,1
f95d00c3c1e96a898abbae992804c8eb55f7383e,1
22cd2ff5b05bc0c9ae7fcb7672702b19de6ddbd0,1
635180eb2e9db36613e02b6915e9983a7e34c639,1
8d39041b4cf530016513b4af220f7c03917cbcc1,1
48fac457f65c526e077012507126f3c5c7015d9b,1
56e7a8f1b949be480f41e334704c8ac341facec5,1
741e3159269c58e64b0bba74df1022236ff224b8,1
4310746b5cc3e907401d718a05a990b46b23b290,1
9fc958c06b22b0db2bf24560f677c97fe7aef795,1
58abfb5bca5506d18a1ecb3a3dc9f484f7136f8a,1
f0392ae35eab1a64f8ce67a921b36e754d483684,1
7e0bfefa190e6986021c6c036417095251099a3c,1
5ab08709f97bb655ef5eee90dbd4a8a529a910cb,1
56b732d3e15d9dc435155af4417746a45ae741fa,1
3fb00f7933945d1335d030481fcb427a24c40be3,1
b335a426afbfdf7984aad938cff47e95e1858027,1
b491279674919161a41efb3f8824b50e35e1893f,1
64c6386ae25b4eab1fa252cf7f7e83e1cec08ae4,1
709ea9c03adfbc3a3da38632ca614bf7584d55e5,1
94cb3e8408ce4175127ecd397b3a03ec5eff1096,1
fea0341861de8ca90c87890af6fbb6ada5f0c20c,1
86d42dfe0a2cdd449fd3710f54982e5f1e86ca02,1
e167aecde53725ac1a2afc54ea27b6180fe0bc97,1
02a8cbbd397653590a3b613577a6ecd5d49e5ffb,1
2ef3cff5f0e7d880e14472384ad7fb449f556db4,1
4c69e7a5681663071435fde66491656985a8cd4a,1
127ff2079d81e237b4ac0090e3b7214d35bd412c,1
5db2d15ad082e684bf8775e0d2dfca635c64ea3e,1
9f4be39130383085c8c3e342a9b9d64ad37f2d64,1
b4d0f32bc2a18cb3929f4cc32d8c410ad2904880,1
3406bb818d715f8767c3b8638f757b30a22718b5,1
c42c8d2903e1213e39024697a280a23fb4c3c235,1
50e3bf9bcf8764afd4247cf6443912337403c41b,1
08a67ed5dabf423e1e7e3adf2f811b5f3da5344e,1
fedea2fab00af6b667c8e4e8dab0fe12de608ec8,1
02e8543ba6ead95e64bb07779eaab714cb71d8e4,1
6b44298afae8f9b6a76931e14cce46e5c0e6ca0c,1
5d79ef8c9e789d0b97ff7c85cbeb9b3477b4628e,1
c11d43c64ca4a0424469871c9092ff14e6261d08,1
0d7959dd231bf6fe9b1d490a6055eb50d8dc9f2e,1
84917f198efbc635a706753631070e93d56ef5a1,1
e5ea1c9a6576eb9605f42ce2134cd221055847ec,1
b36e9d97a4f52aa2656214c3a396337ec0118cf4,1
137066202ee9f1555ae9b1bfe68770517b18e9af,1
e17b62d0cc7315d30c4ec0768d6e9a60a3dfba28,1
ea6b3a78c73075798795ef9b35ae94acd7dd2529,1
d9809ac77951c5392a604a7e4677d893440cbe87,1
9741ead28279933dbd9a5cfa3f42bdb5158e544d,1
88c508a07343b18654e2fb30b464978d50a0d41c,1
8efff15e289aa0d7bdf54a4ca3a2589faae81761,1
cdb56b3597257ef262044aaacfa254cc0e336186,1
e484c4ca2482c1dc72ab8dac44fc9c11b60c00b8,1
c96778ff1b0d56b03f51e15c0b1ba9679c8b9f3e,1
9e09622f7fc9c48ea908f495f34513dcb06bf531,1
c77853d533d7f00b63e409fefa32d77c9b99c78a,1
93827e4f9a8d773ba2a150768d780e40d7986c87,1
08e2e7cfee32acc8b9d385cba301c734185edc79,1
ec604f3750e0bb1f3d9d08bc63d3413610c72f46,1
9f515b75e1bc830788ff2fe2b5e7bd3e22533ca6,1
5e75d7e2b099d2ccdacedf11acfd7d89aed0bb0c,1
82195b6f847eac86a831e448466c3675c3bc0d86,1
6d972cf1b22e9cacacbf1a7758a35ec765ec7d30,1
40a0b105068f12c56a09029462b26d1605a4ed0a,1
7173f8dfa2dcdee4eec9f4beb22a8c534db78bf0,1
24938fe35123a62468a8b4bd400b026c895032f5,1
77239acd9b5e23bce24fbed28b113c147c0b6f28,1
1b983c4b71fc20b258f1b3676d7ee693436dd73c,1
5ff90d4202a66bf1df965c9978f6d23aacfc962f,1
1a8aafacde47f476139ec80b5a048caca3f83fd7,1
7497e8777e8ef794a39bfe75f0bbc3fb2b4cb689,1
bb08d452397010fe8f183dabf3399f716c6de54e,1
20271cf509ef5f19133c156c1c66881cb0691e7b,1
6feb853eb7960734249de234a245f3122378fffd,1
f77fdc9f614ec68d7e2ce5f77dcfaf255a77fe3b,1
0141dfc1ff87953a7530f9bb2eda5578ed31028c,1
701e91805d119139a98f9b5147a1618c3dc5e43d,1
531447fa71f5ee55f3be2e59c2d87090a15b0e26,1
1d03d2ca5400641caa9f350cbe481cfff4c019f0,1
d4bb52d6cc8273be60c0aabf65dedf2aa90067a7,1
9a0899cc941766824bb8ba1931ac5a78aa7ee90b,1
0d0b70becb800e1d7251064d7ed36c523df2f616,1
db02d28024a0c03ec6b3b19182a07a99f1796cfc,1
8cd1b712e6f32accd3a95c1d0e52f05922c075c4,1
e4419ed297d05928e2898e4275856e03436ea3c8,1
2a404457fde260cb918ba40f29dae1dc30aeace3,1
ba700b9f0431442628c6cc7b7aa0cd07b8b2ce80,1
83d12c9a3275d527d22ecee962dc1d3ceed25623,1
c51ca9314439a557ae71f728bde0b0df89a90d57,1
3633153ca0cc79528ed108439132917da581cb1c,1
c2c4c429b820270f921d1a7f32ef866d764bacc6,1
8f3b3aba9fc069a1670f075a56e6636a27b3c067,1
9187cb77eff0ad640099cf50f87656c3283015e0,1
b816468d04e103dc38ad7794d7b6acc2faa8fd65,1
dd8bcadbc7bd66a70b8cb68e18c797feb27b7bef,1
fef5b6fdc1edceea2c00f616fb06bf0963bd5457,1
3621b9c089b1402d13ed196c745a4d38ef63e9a5,1
9f606438d257148bb46916cbf7d147690ca5e537,1
a389264159921babf28a6a18523fcffe27fb2fd4,1
17ceac2dd0b5813dbb69b254a677ce924cb304d8,1
e9a6eb2f9fc0f9e3996e3d62e09e158f45df0d69,1
7cccd31eed43a26dccf858a106ed4542ebf8eb15,1
7554dd9a7cd11d1d18e33baf9aac7b01d6b16426,1
70eed90f8552dc78b0efb2330628adcbcabbeaf0,1
dea7fd4724d8fcea9d08092babb0b71e97f294e5,1
4e3c5462933be3795569dd49ed54c91694a1306a,1
a2e8ff1f47727b4f10ecf11cc2b309599c1137dd,1
9ce094804b69dc627b9e90d13f09477316df0071,1
69b66fbc1b4472d31f18e39bc13dfe7fbdf28e90,1
1494c9dbb424ff7d38aeb9d1096c97cdc4f1f57d,1
6801a3d51a358958dff1e45369336f9364aa969e,1
b2bf8d7d0a605d12ca439650c7be63d1815d7862,1
37bea12c3a334fb47e646f0fdc4c9f91ec23ba1a,1
dfd555d7e8047d8b78215e1dc94c6930f25ae22d,1
22c6868b25982f3ece3579caa458f368da5a03e0,1
84d34de8299ff94cfc97e648febbe1cc179193f3,1
af77f1e41f15319ea1be66e3028c081b1498f5ee,1
b6a9d27929f026ae8f3ff535690ab7d9594cfa49,1
5232aa61aa0c5b57361d60a6c4d40e7c908402ff,1
bdc8ef69d850f487f52ea8024d05361c1d039612,1
808df0c042e2d3581e2a6a6ad7ea68e7c2d487b9,1
9908dd56ec2f448ce6f5a7fa63df592ebb5d1c0a,1
c0883556fdee7d77774130a5c069921dacde34e9,1
3fed8e5b70e06c14a705ba98ce70144b59efe818,1
7d977988e1e7098a53fb36ad414170c6b33acfcf,1
bd61ccb06c010e746102d1ed191f1aa3f589ec31,1
ba76d11cf868f57ccc4243e4c8e7beafa1edf9d6,1
af85c5a0b688977df85fe696a393f1a5b428b23a,1
838689885a4044f23406aa3c05a75547fd9c80ae,1
23c1ec22e8f3908566346bc1f055db52fff53e0e,1
f4d7b5a1602178b53b3d32fbce0a88529c64d5e6,1
5f3853996f29b98780e3f29d40cca3f8683cdbb6,1
3e2af7b4b6e9fe42e8e5c4a06d2a3ca5dccf9650,1
993f1d980e8260349513f2d6d7e7b36f84da6f13,1
53fab434709cc73a550643f8e5c1c3d50c439a17,1
0adc8353b9ea83fa06c3d775d7a2ca2e5d8c1c48,1
a01cb7aa3ea641deb7e12d5d805838dec4eadee9,1
8036ece3a51248b1a24c62cde8093c797352946b,1
d0f19b3a7dd6fe03f725884317d6fa760a531a0e,1
5c6db98901bdec5e0668a8578909d5f42519629f,1
27a10886d7293f1bdf6afae72b6d3a17f19beb0f,1
f1366b73ebaaad464560f3b9f247ddc6d194e9e7,1
035d16fb50ba324513e4905d0f82cccfe23c5501,1
5f337d94935908194b66264298f4ce783074cb8e,1
f486d0f088a4935264dd671abc691ee996607d0f,1
c99d94cfdc2512953a9a2c9ba4de0959fad5b485,1
d1491f47f5844027a4350a1e31084c85e99fbaec,1
09d6348ab9898762b876876b33981b8f3079805a,1
534dc9ae1be198c8340e8cdf11244a68f3a1bdd5,1
8e2ed6581894e952de5c39f0480773c61eeb5145,1
8d901bf286317350bc9938557d92e1f654df719d,1
0f96b251904ad0a695e546f25325f7def12581f9,1
95d198c54a6d5a450721fcee2baf359e804a060e,1
32d70ed56efa28907ecf4abb767f0e7eb9e4240f,1
40b4fb7139fdcb3c7819fcdd46af07a6481614ac,1
c4efcd2b6bb8711ee0472e1afb5af8b556148819,1
51bc90ed45480f7f0678e6ec3b8c3653c5fd0fb4,1
d46f92f8bb2154f9cb4641dff41be5468939d6ad,1
8b67962c7ae90f6f816c1f0b3bc4bb5ffc08ea2b,1
fa867e9f2ae4249e4b759b53dd314449062e5b5d,1
5b59db1cab2a98d8aba9c186f0db3b6f79c8e4f8,1
333ccf3014f692ef7d24a69da3ce7f13a307d0d1,1
25ce710723538e1153dadc4d8274a1171c5b5b0f,1
d07fce654d3b780f395fcb734f00c52bc549e020,1
c762e6880e328dc89b2ab814cabe4cb5e2894842,1
ec33d9fb55976e474177996b386709b825e5ef37,1
96e27bd9e3a81bd27362de7ff5f37de830f6ce51,1
5a8223509882959f89eda59b3c318e1cfd254015,1
8075c1d61621c97f326a1f2876f907a39e5c0c45,1
87e8c249517eedf353aff97f8fa4ecc370497039,1
2a709be645392df45e77c740beb6385153fd917a,1
73d395d9055528c82572573f668620601c953f50,1
22bd7f4e026b57caae8dcc32de48de5793eddd51,1
fb28009cf91b8045f6f14230d2e5d7206c162327,1
5d0457ac622a4a4bda6a1a35a65fe213b3f132db,1
64a4fe8321e48443ef9efdfe6bbf8e997207967c,1
7edba8de9e92367c767b65d6594b586c99c8e2c4,1
ceed5dcdc88d04384df749300e0b2b77bc405306,1
2edff32c04b753381a21839cc4a51d5b4538dac9,1
644f7675980a4304d3599c1272af5ba8db1b537f,1
5a3ca05bf9e017ead8a6ab893f3069028c28f92a,1
ff32a0f96c3539c623815dd42318e9e90ce07e85,1
c82b6cf8068e2cff92274baaa11a05a6808eb662,1
974a17181b5c686823de14bb2b3fe1b7893f2556,1
bd7b587b4d7f42851e4f7f1f4494f3ae12d49172,1
12e0331d9c2540f52f62cd7ed939ba37cfcc0f21,1
756f8e394290da18116a542370dabd2ce7542d6c,1
1a9b29aa146222906e151cdc7bfb0131822a65c9,1
e2cbc8bd28506e4ebbb5ec96010d0011208b47c7,1
af818f5d14d45422b74ba0196d8d7dba2175ade0,1
9734399d9d639aa1ce7d38c5d48fd4340746f19a,1
5689394a904be2d70dfcb26e6fe159acddde80ec,1
6a96a99f9ac1d5f4e6d882594932bec658b14872,1
2ff6051788eb1e4ab61f24c92046c090ecc3858b,1
30ce094625359fc437c5068e84b66c194856ecd0,1
0c4c3a191c54d63be4aab25c6edfbb7ab6a2aea7,1
94f164dfd5aac77500afac16c59e957c368c28f8,1
ae7d7ab979347aa4e7515a5aecf6e53f0f5205d0,1
1391f0416a4b88de34dc45753c365e5c0ad00de9,1
a7a12a719ad2528b558145e0588037a4231b7523,1
50aa2f0194405aaa570c6381e7902d7dcbd80cae,1
a51854a607f35d0302a89f9db92e59eaf487c1be,1
e64cc0d1957a6bb72c4cf1b15af78b7ff732eea7,1
bdc1527a3940c8c5e63c84920e24704cfd697b8f,1
3c2ec1d08da8f38e4a468d58f97666dfa1fc3238,1
02b430c51395ed7771708cb47bd3ae2880cbce19,1
319a73077bee4a40471b86d372672724071d961a,1
bf2f8d94528983c66bdebfc2656b2b98d04b23d5,1
a5f8fe9fa8f22c1b476bd862dc0f58f5f7c6190e,1
60cd4ee5dbd54eb3dfa88c229a2d2b474d5aa9c7,1
7ce623600110026bd9726067ea31a62eb7b781ee,1
ea8871ffb09a3554380d45399c9d50847d65b13b,1
b22781c4fc5b79c37955af3b8a4f8a36f0af4d38,1
5b269b169de67bb061732f1d860e63dc4a402226,1
616a9829999ce422c0dd9a6f762a8f3e843bb772,1
fef1f6a8ee080637954926c0ded50fc4958535f6,1
e3ad8281d466f68282736d3c54c3c826ebcf69c2,1
3af0be402ecc07f06fd12e936ac6d7e641c26c6b,1
4ee74b6b8c836a18060eb44005a3b4243ac1c065,1
1b4ee1685b5948c254a468b07d44708908d866cf,1
ecd7907be7daa3cbb6b29785a5c0091b813f202e,1
8972879250c87b5ddcf38a03cb78d2e506006404,1
0fc8b832ecd556efcef22b18faa55ffd49878923,1
31ae32abae42d8551c35cfe0d268d9fac34d32b0,1
1644437ad29873d1b7fae60a551925a2415ab87c,1
0bb2fa7232549912883cf5ba7ce65ad8f5140e16,1
874557a26af63bff5c587e8fbb15983b01d74a5d,1
2a01f08746fbae7635a064c8b0f279c1bcc073d4,1
dee59f920b4973643470649a317b887b88e054fb,1
8668f35e2c7c1f41081c50dd6950b87613a2b300,1
bd2a6a22adeef8dcea0391b25f3766b0a23ac5b0,1
ee6bc07144cf5e7ff8eafbca0cc743461143ee97,1
53ba54d0d858b4dea5c86173ebbc1e320c0353bc,1
67b63bd71e81e804769d5f33e2d4f65497c2a127,1
0a7cb3766822225be63f70d113df893a511f0ab7,1
b50768f17ade26852f28ea2cec99ec7cc119ec3a,1
7825bcc1afb00cd2e86afe4e44145c1d7a977665,1
9b89b479ac3282e64c833204cb72e8ae198fbe73,1
ceafe57a37e1eeee7a40ef8fa420eac1e2c7bb9c,1
8a4738d91185ddc13d2693332914b72a88e88ee8,1
690911fecc5d3c7fc6b65b35c092e05b209158d3,1
8fc6e3f586bd3c1b3f65a1da5ff55962415f2232,1
4422a250e429672d1437fd0d4bcedabc1692851e,1
1b69a84e0b6a61ea39a6900ac26921216e002667,1
b5326cc901317ea9c5140156c9ad9abe54749d4a,1
eb7c38c7cb1c97d10d64b44aa5bbd7d1475d2365,1
1adca127ebe0b7d597a056f498d39b83ea971b46,1
e9790e9bcc47f0a1a75271e16aac748f42638a69,1
0a1859a8704b80870f17206f508491e47605ec28,1
bebe943a2da28ffca3de19f743da199524d8eb8d,1
9a601cef7a49e697eb725764a9f1d5545e034692,1
d69f52063d1e29d3c01b42a375497df3e760bc46,1
9d8ea3eec3718eb8215912b40b9295bf935a9c7d,1
6a2fdf17c3c451bb7dbcdbddedb5eec0b0f4c3c3,1
10a3cb2fffc1bf2545bc87d95908c6c2f3b1c5dd,1
e75dd21a4c843a5c9b884f9cb2f89a9a1ebf0d9f,1
9217a89c0c061b7aab7b69291433b09d4a17a415,1
f3c3c6e04daf3a78591a0bdb5d9da83a11b196a5,1
112c7b0996d17ce63319b46c26078a9892ece849,1
40cbdcddf5430cb6ba57b0bf350d89e778082d61,1
2dc1358952b390ea1c0f9ec11f4736c43c107404,1
9cf860f6798653e4afcfe5569db775bebc7060a5,1
063e4aa559d8226db712cff4d11c23203305a71c,1
83407e4fbb6e2a05f5fa9d0a90d5dc7d349f6676,1
8678883e5479319af0fd0f886d782729fd27906e,1
a554ca62218e9ed3baad39cdfb39861379213e90,1
5ebbced08f368c4ec7fb127bff5f6614211259c7,1
804b654d7a2e2d22f5276a61459dc17e8b6c2ea3,1
9e4f92b28ee01e2515dd69a96ba917915dbeec2d,1
b9e7cd38b86749e3f7e42182295596198d78bed9,1
2089d391e882cf19964238289eb6557dde64a647,1
b352b32028c5591b8bf0cb369919e30bc5b61437,1
2cbc3e70e4e1e36ce4664e2c30a7054b13f7a377,1
d83cdffbdb3563ee1bbcd993f42566345c20f00e,1
b388ecb8dfd0f0a307ba086c0c4c5c88726b896f,1
773a10ecf2617fa72babad53a6bd32d151fa9fbf,1
29b65b0de9eeebe1406e80d49a833af5124394e0,1
50325d530db7a2e0100d444bfabd53d3faeb8a38,1
c8fe8f91529cdf88b02e46d693b14e05afc6b112,1
c639d2d9638c3514f06315b1214834aa7b27e784,1
b054e7290e2c5d1ed373e1d98ef5901f9675999d,1
890c2d2f0c9280d1961ec1df9e1521397607a850,1
e78f8bb328a9685e8433a4359248a0bfd88cccfa,1
f9b1949bf5356efcd20445f209e8698a0f2b61ef,1
f33f9f921e4def5f431b73afa13e4894584966ec,1
ca193d77c547fd7253ebe231ba4126bbb01cccd8,1
e15e1e7b8e18725e0ad85b2fb7c8016c11ba90b0,1
5169233ba866bb1a64b440dc8c09c36b2bdbc45f,1
5fe26a5b7363d78795d82efe5e8400368b2a4596,1
500b3b1fd4072b2cd8a6f1d6a2eeeb5a1e4e49e2,1
723d22f45e1b401cbd0ccd3a842537668c99e8ad,1
0218ce10772f5ec6dd321afd922ab827aa5f364c,1
59ae229a68b583f1f462372e309f40ed453b9d02,1
ed98c5abe2eaa0274c95b7c91e4bacbf29eb1e15,1
98f0b47c8c5a813f908996aba0855cebafb93b11,1
e8a759f34caa8869688dd49987ce3e45e3e21960,1
692c08ccf6a771758dbdd03c27e48f8169721348,1
a8052475570162324f2ffd3f0b456237a7866c72,1
fe61db7d530ec281494c86de9a440060d0e6089a,1
c8d3f41ed65108d7eaf88597378e1cc3a8f47284,1
5eee7fe5899daae12b0429e769081ad6fa5ec4eb,1
d24a26d6e9d2db7fec61ffb6c6569ed4faac747d,1
63b34962d94bd92f907f7f75c6838c726dba506a,1
0969870979f8bda7c21255ea242138bef02e764a,1
715e726630e004ec78e70fd802899597f5c4a840,1
42844deb23fb53682a7fe2c8c4debd4faacdbeea,1
7af7a4391d69751945514bc4bb17bce40ae8d7d4,1
8ee44eec6967d4adfdfbe5d127769d91863e318c,1
f8262a5e953521d4aface72aa89f5fa3fa5d0c8e,1
124bc9b9b6ac14fb7560433319950d23613349a9,1
3be982d1db778474722cca0b86ce61803f822347,1
23ecb23ed4ad1d6c6b5e0f471a8e40343b7090a1,1
f3f4f510f91c64042a8f79dcf13bfe5559c8e924,1
7d9eaa880863471d24cc5e441e066a3f7173d496,1
7a46e6e42026ec5bf63d17b563349de0ba46cbd6,1
4c62f1e4ac97033cbe9b09124c8b03659cf27bcf,1
6acaad253e1460ad4c34762e7e998e8a9fbfc080,1
fb28ef452fc435ca8cb8aeeffa796cb6263400bf,1
9d2b7201662529ef28c113a728fdf92675b63280,1
2966f35822a914430e5e2ff24a8a14d6a98afa32,1
bf71ce482b47949ee983d06137d8ab841d55f752,1
9e42c29069f3efeec2b331da7b559e06c17e39f2,1
45ecdcff7f74196ac8b6b0adb992f663e7d305f3,1
cc982a5ecd095380ee5de57640e8af0be6d68166,1
40c69a07bdafd6c8c8cc063ce57a4d9fabeaa714,1
5b58beaf93f5d468f7534bf1869e1495dc033918,1
786235a8d7a04844bb1acdfae90584b618b590fd,1
0d21912f7679a19784d53624e36b1d2b0878e93f,1
07dd36ac576355b3a332df1f58be0edda650f02f,1
238c044b8a732f3bf7350057be7dda5ef9fe4523,1
fa6338bf8b08fd70af02148eb5cae80c184704eb,1
a89915a66c4e5942dbea5ff220f0ca414d929bf5,1
58eb4191f84f8846ed2cda4bfdd87d43cd4e7c27,1
9e0cd60d20bb1560ab7e671875bac9ec31a4d71a,1
e6ef4228cdb2ccf5ac5d80a5b0398cb94b79fc89,1
e4b0ee2f86a351b8318f7ef58d285aa1b632a154,1
f98ccc30f1e8d709565cf5f0894a17f6751fe7a9,1
0daf62a06dae5baa70e3dc2a1c15b06cbfdd47d7,1
9259c46b7491bfe3fd69690bf19e790ceab16d38,1
51d7e42a08b264bcf861bf74c791a8a7e3f818fa,1
1a6b3e1580ff3b10d2a35e253de5faa8c26fdb98,1
a66c9838b16f784d6bfcaf324dccb9c5c9e16293,1
402b699ad461a96d8b140d4b80f413a379f3c5f6,1
c840bb84e5cfb069582eb76062988d022c4c8421,1
45fc9193a5a2d684dbfce8e12ffae855ddce3a25,1
29c88c5141e5be749b380c7d1e256b7c2930c133,1
beda303a09622da3c5777351cc5da87db4ed4a8a,1
bc326819937b9dbb705c83a6eca9b9ec0effa59c,1
ce96d7cf49f84dfd9f7c3c74d64d1e710271fd25,1
53f206e63396b1c9b07e8dadd4cf377c034dba58,1
2f6afe64201b5dc8cb7cb577cf53e41fdaac0b4d,1
8348a97759b0fb149331a4bceefe1bb0cd0978f6,1
3aca4b70ebab1d4a7ee4a903c10345f0eed52874,1
c0caa90f015ef62da2e438cd71e4f2c656720ce0,1
5b818b981b57aa36eb6ef19f01047dbf3957b618,1
da2d36f45be3ad8a55f43c72a4e4b6a6e3ddda99,1
1952a3f85b7ebff58af4b9bb9c60ea76423f8546,1
901ad502a7dbb2d8ea17dae8139628b01204006b,1
4d1cf8c4766c3f6a17a5e2a432bdffd27e1b12a0,1
cac2aceba91ea26c87997dcbc617295bf14983d8,1
cfe3ac6db9fada0e2f0f0d3d671f8c1100e76d6c,1
b826096b072eb6e27f809e183fd47c160ec1a40d,1
20550ab3ee249b8aa50f7b58d2de767a9666919e,1
14ab2ba5928c007b7448120f89754d61ba4a89c1,1
06e0ed90a583ff48e517a614a403da468addd013,1
eb42226e98ac999d6f76516df02138c039e61e29,1
61a8ccd5304d52f86c35dcd5850f7dede9e65039,1
3acda695fd19e34dda312239102f9f7fa562b22b,1
2e8aac4541f3c499ca89b36a771b5ca71ebc9912,1
a645915d2eb8a52d79fec20a8a6941d27573bc6e,1
3e6199f41798f40f63f65ea629cafa4ac18fab5e,1
aa3f041d74dc62fd4bc48dcbe22bbb5da0e6f5f3,1
d547eddf6a06cbb48156690a92593b99aa58d49a,1
f0641e4a3378f2cac973be0d2d5f9abdd5bb291a,1
887dc38601778936a6f780625b926ee9f5962a5d,1
fe56408ba62cb6e32349bef045da3f5cd7ebc522,1
2d22d15c19f8edbd52a3f25ca349338c527251d5,1
719aecaa23c3d55be20366f8d064504be565c2e0,1
52ffac7d6fb936106e73e131419aecf8f0e05d9c,1
1bf3876676c67f055d747aa5b7ebd239f21534d2,1
7094a8b6b7c3e423b0087c540b6a4320f899754b,1
0f1e5a247a07c1a553aaed5a14dcca242a903ef9,1
96068bd7a0388a17d681ef15947fde34742b81af,1
c94b576b2a427019d598a3eef8ddeebc0265b547,1
2045877058fbc8c4ce31626da6fa5d8c1d531cba,1
1b29c70b74f32a4d40face8887d460ed51b9cb76,1
ad2f0decffc751e3ad26884c0417fdff37d4b6c7,1
f9f31510095e8869b799ca64b6069a8e394e6f18,1
cf4e31ba6f72fee5c089767db1843d30557c8f02,1
5f55eb9feb25cc2759b5a78e92d5752a9333b92d,1
d342375b5aa9420cc8c3c02df358d533822ca242,1
4cc8423025f7e07dfa18719c6f13dc91df0544da,1
9f902d770bfd4e50f9e443e6573dc01a3e79fb67,1
a8353fc355b8dc5edd7d404c8a049143bb2c1764,1
27a9da4c8f82333f2bb9a5d6a333f7ce09c11347,1
c023bdde2d59082dc73e918e2414f1992fa865f6,1
922d76f5eb3656cd61ec7cc4afbe424e47371cd8,1
f2bee288b87d9a0ecd963976208cf12a4bd5dd5e,1
72c156f6f23acc966d729df15656dfbef69b5aeb,1
8ce9c62685a231562e354a3e0ce3a871a488ffc1,1
f74a579ea8c68ac306d6c98d8aafe83b931d4069,1
94d3d3f08fd4158863b90fc5324d7e4b54790109,1
88868916cbc0e09c9ce23c55140cf501105c5105,1
52d179bb1384efbd2d23a0fb551e266b72f2efde,1
d71d474ea6cc56a1cf45193a9ce594ebc86354e2,1
268c75ba17569c5ddc22d564193dedc585d1e251,1
69efaba039e04f812ddb16b7da19a8a0c50749a5,1
2f7a1724fb5e8d9dba5ad6b9ddfa100d218585c7,1
fa3c024bb3b41939ba5b341fc0e631f797bedbeb,1
528b323e0c0806665b8cd9320d1682ca79852c99,1
41765807576ab83269ae3b1cb879a06cf175cfd7,1
679d421ff80eb60deb04301262d42dcc38bb5f75,1
ff22a839f60019ada5e176f764dafda919e4abb7,1
45f74a296ac058e6cf2f8dd0eb8bf7e3c65b5c99,1
ce0155fde97f0ad19ce5fd7d44e180d3b26a5d05,1
68115a18515413abd3aa194978efb43bdc3e21d1,1
5b02aa4e8a23f7012246c17c2ee8d77c3687ca70,1
81b23db8720a0e69e915b187c371f7d89aa40e1c,1
4144cb9fddbe3e61a2fe11fafebefe62037aa129,1
69269895f57c7b3b3331a7e2de631b71ab9c9dc2,1
743679305250694fd625cd75e7552720ba082f75,1
0f96275f76e06c062b2154008833b3e80420ab18,1
3351ead9e9cc4c3cf4714cad73fb3788dd67bcb4,1
da14c0a9f89d2178c0c6b6ec360064c6a1567f26,1
fa7796490a59c5501cd64a7c8e000db01d9665bc,1
57a70c5df3f7b001850dd7aeb099189f886c40e4,1
4aba6e118eeb5809c7c9f10d7ae9e558d1a73de6,1
bb72872a6b5bc90ec9d87d680d197849b1edbe81,1
42fb41f77f7a379008bd05ce7cceabb966b8e31e,1
93eb8fb8c5bc28099943afe50ed2aa7f29d90356,1
141a9a410aebae98ac0ddff9f08290fbf2ebe0f5,1
843b388d19d7a73b6eeb531f2368a1ba4b62ec87,1
9b3dd37af37ba0322c877ec175e61420193746e9,1
7ac3a9d09e83d1c3d0da63dbfc2f024083e28034,1
23f7a701279a44b4936f9f6c4ecfdc9a117b9bf4,1
97edbafdfcc6cfd6834c6bfe560aeddf1edc49d4,1
d67b02e272367d4d0f86e51432abefd5afb966cb,1
265050ca2bee637a13965ee7914971d296921cc9,1
04ed467288b721d480e90ff9641a341ea3f849f3,1
9982afa1b9717aaece41c3606b0445235b3a1349,1
93827b22be3bd5cb713a05e77678dcfd7de033ef,1
4875fa3b2f2ffcf138a9b7cc98982b1d6fad8bc1,1
58df13aa41d4f3cf5d62674f522553fbeb9e2715,1
938d0ff4b57b865b3c75f9d6cd9226dbdc468013,1
17be6c9111876b78ec6988b52795b3a5301a3513,1
82168eee2d0d6c1b8063fc532ed380fe9a3ab343,1
3b69e25e1a80bcd5e659558426c6a2157d39a54f,1
fcc008d391dc609d09ed78174d8ee56b5eff6e3a,1
33d51ebb6a109c2c932d85444cc1704d63049fa9,1
5475f918dff23f5eb1cb62275d3e51f7fc0529a4,1
7031e9ebbcb419b66ea344f2083f364e034416ae,1
dd21a37ac710d56a4f2da6e39fd87a32b818f531,1
8e7d3c62514e54b4494041c51959a3e426f314fd,1
2b014084b249de2abb522960e45de39b6730cc51,1
3ea95ce3801342ef2bf40e107474de59fa5e4d65,1
1f44efd8eb0beb8c2b190f07e0ec553bfb5ec29d,1
21c5418b79e00edfd9c83875209732575c91746b,1
40ebda41efdb53e8a14713d9c49bd72ba852bd6f,1
700845ec2c19d8ecaed09bb6a56081e6eb18e278,1
8b995faf7055f769e51bc57a622b1aa18ba28f75,1
d679307bc98b37e7f2ac93c744a2fd75d4b87dae,1
88ba79ed1e3724f0ffbca89b9bf749ac7c66884f,1
3a0f6c3d661df32f3fe80b0b19d5f72655db75b2,1
000c80a7423da055571d551f8951d1cd19726cd6,1
59079af88c35f11f21a9d43611a588622a4b6553,1
f63c0d509e590202a27c07f64faf107c8e44f354,1
e97f10194cdfc0bc3e32de42e180f288538f39df,1
8b85640a362a5bfe3de76ef6171ff507fea65f13,1
15789cda5bd2912177199b003387374da173b3a7,1
b4715091853c1c233e3ab080793549ff39a4ccc0,1
105ed20b1ff127b758e8eb33ecf2d46e9f63c37a,1
6f1d949b70af0ee3f38a3cdf6b3b56b53ef86a86,1
3c9995d36b723237229af22dd1d032ccf639a5e8,1
f0bb80253bfb19fa27de6542314e37d27f937aaa,1
cbec48f8d8acb386321b38786ab11dec24c1be30,1
d17635fa9e6839fd86ea1b91aa71ac11eae2c78f,1
65a14d31f783c0e6fa2d619660857fff276fe0b4,1
41cb1f327023d042cc8b795c2e3e2f07f67ed4ba,1
a0b691fe4c4f805e49e10509884405d0ed66b6d0,1
66088ccaa9b4b01c0072fb30e23b2c522f298ac5,1
70b4671fb30fbc4372e6c48efe78dfd08a1a5829,1
57a90884fd69f96e1df2701838e8ebadc4af48e7,1
b183ca326593eb44d1864bad465c7aae1d65022d,1
a4bb294d91aadc1a61edcd228802f688a8b5a466,1
6a26d3b19acb24e518bc34233acde255a5d876a6,1
90301dca5e8dd5272c631b9b9826673489b758b0,1
ae869db9499cb229e075352e0f8b371cb2287c5b,1
b51f68ff6cde229a38af081edb23f1ec4e68e196,1
821d22ffbc45e4b8bc35e9ce3143a59234da814c,1
2cae826fa017cb1a9d71c5d0b05a9e7d62508bca,1
0ebef192773aa286434af9d77174a9365c25aaf2,1
876e766db9c98f860392f02b46ab9d3bef4e13d9,1
714116f5dafd1731918d0162a11bbd060896a78b,1
4adb4e3520bd61ff426478f645b39b630a8725fa,1
d0e732b1e9e1b98e386bbe04f58cf26dc415c838,1
905521ff3e3a4fb9fa91091245855a7ca5fdf80b,1
b0dd356c5577bc671962b71b7fa0c3ab3c293cdd,1
87c946848a105d625a611a62c272c54f679cb1c1,1
bd467ec6f3b492230fedead62bb8cf5b532a6e87,1
a50f296e75f7ef3db19d23f0e62a9e5b21d266ac,1
e506b86a677169b450b3c4c26f7104ccfa82c21c,1
4b5f8ed15bfd76275f57d44508e570389f346f8e,1
56fa21f423d835795d776ae2c34daa8db1825372,1
1d28039cc36aa8aab133e5ce99abcacc4ff5d3bd,1
d4a8ccd456b3cd64d9c5522d3421cd08d9c759cb,1
eab1f88c332ceb135f51604ef124fa7cefe94a2d,1
0a6dcc145f795821051b0d91abfbd2df156941a0,1
2745515f8c0ae9bb3d7a4b574d744ec5eaf7cfe0,1
7914e974fc151c7c7434f187cf32ead02de43ed0,1
60f216c4832d64ddc92fc8f7ed530a3c4260ae58,1
a2e9501d7304ea59a98f5e3d24e8ba6f571609b4,1
6721f70cc0984ff4451b52f95e4a71178363cb0f,1
976e0774cdca89ffac3d6a6aa99f7e0e083993c0,1
01c0e3e2978d0d6da5417d4bc2f8e2dc35b672ce,1
329fc5ae8c5d1ca2416a61badd0df271a655cf5c,1
45af833538ad8cab62253a029d029c0e467b116b,1
d008acc040c6fb41aabe1b8229b73d94105b8ec0,1
634c8723f08d8e7f50b3c9f4ed128052f788063b,1
12b930d6dde4b897e95c071b6e782187caa00c3f,1
e608383726ae12b2afd49249930753cd1d882840,1
dfa546189e7756e1ea1d923636752a98a8bed32a,1
e1f45242e4c62007ebebd038f9a92f8288bfa669,1
efe5c68c859781bc7ee06f72bf3c83b067794006,1
cf358ec235f6f9844553c1b59aec6b590df54690,1
93375e1a7a0588496777301b994a5d9f3a77fffb,1
8e2b7acfa3e74fe179bcb8a174b88b0d195291c7,1
40020d896cfae26974292ebcc0a562fa71e4f2d7,1
56f016e2d15bbfafa585663f1037b6c978b281af,1
4f48bffcd8750f5500f0210813c08b2ae51551fc,1
bce875e66cfa899affaf2798d79fe9482871a11b,1
eae9a987e183f78bfb441a2c0a79a4b46d5438f3,1
0b92b532a6d493a29fa0909763ec12807e39e88f,1
72d0c54aa8c060305403d4b861bb39e5236fbfdd,1
453d68695ce965d9406d4608a894a65ecdd2dbda,1
3da0e149dc8fc3b45b6ef86333cf28d6083ae420,1
3b73cb1d32428865ab76cc8d02b2ee85e916ebec,1
44a5fb70e4474ab6d791dbaea2417adb150dafe5,1
965ef835371b1d61380c5a40e91ad0548ddaa15b,1
02de1e74a28ad9198fa15ce521d2550c739158f1,1
9ac8f258058200655ca520b01e6505d6f20a6e0e,1
2a6bed4b6f61509b359159f043c5410a44badd03,1
de493a51b332b22d411f0bb9c5bd74ebb1e1cfce,1
c33620d7b02bb10bfa39407e754554892ac159bb,1
5cb3a1453c8d04c031234e1802b66668b71c0a03,1
6f29c7d722bbded6739b15cacf5ac2800f120477,1
a15c0e92fe4936c96ff72d4425dd421cf15542d7,1
77a62e1e68927d885eeddb27d531a51401b7c0c0,1
d1e3747235db85efb09a8eeb9e89ef454532cc22,1
8298e1e5d2b54bb7e913c64da96314bfdf355e72,1
3cc26ac84c5bc608b50095d5efe49ff927715ac4,1
0ff6fc64f943456fd843a336f6425ebf242b2706,1
153aca3d042b0961643592c7e5944f8a3a8f2f99,1
c73e350c4252c22c62c5ea50da8f2163167bbdd7,1
24c3c2e34d098490dff9617d3bb69df8fb94d588,1
8a4004938f7f257205da1eb6f36a026966b15114,1
6108a71e6b6963bae9ec897d96d1ede015b9a952,1
21e3ebe33ac7f9ece846527624d5d34ee52578c1,1
9f1b68849a3b160011dd39da511942d16c945411,1
e8dc0c45e2dfd51f058cabd83837905377256057,1
e77c4eb780764cde8075ef7476e14de3ae6a8a34,1
b645dbc95499b50907e5e1e64e0c2e6a6b9caf54,1
eb01894da7e1c25b08ae0861996206863c64886b,1
3f72e2f9ac78570bfd87830693b2b430346c5bde,1
1a385f19026028a391f9dedfaf0a225809d24c53,1
684e719e8a8d9e0db902cdbe9396e44598fbe4eb,1
5bdb8672198f34571e75decdf3c5e93ca798e1a2,1
beace42f7fbd71f410b89f07b642ef41340493b6,1
da8774fdbdcb7e2d47fcbd28fb5e4c7ea665b2f0,1
3f2676f330f7d47849036a5b4e22660aa5a82b6b,1
121537fb9748950e40b408374bafa6b21c3c6d62,1
804e1598216b61b884fff53e65b5fd8a21a6bf6f,1
5ae1ea26c2972bf278aaa7be6d8812c017d77d6e,1
b0dc5e67fb16dc6735f77d427f4383a2e1e40c20,1
b6eea93fb17465f466a55e53af1a953ad71ec6fa,1
787bc673c741dc5916fd3d79ea60ca3d417d0add,1
ae5b29c17806338c4764ad705e024435bfca379d,1
e12cb96c402cceeaf885c3cbf75334f7124bbe71,1
23a972829834156ca8f2fcffa8bb99798f44e98b,1
0ade98eb3c7205d19dc89a265b6dc23897f223cf,1
4e57314e6d049819f256407d458018ca090708e1,1
e6513b31281f359a9921b030cb4991d6693b2d77,1
f896f6a62b2fc7442f76b8d02160f48747bd8632,1
9ac89510a6715c465d405897f474f9cfa9daa29e,1
0418d1b34e4ee4ed115030bb0960610cc1b1327a,1
bc3d3dfe40d1321c7899187e43cb5872406caf54,1
617c73d82ea0b85cb2f38f4e1ebf94fb0f469c0d,1
f067f8d59a28d2351d837d1dd79218ec82a8635a,1
03a0274eaabe4ccbd697a711d999a516a109d817,1
1d07336e66dba412d91fd49223f660ead1d5aa63,1
1d3ec9eeeb6605eed2ac6629a8a7193ca8fe3e57,1
ee9887ca50c55a0228998fece67d0052ce2fc766,1
c15a48252d49bb188d07d054aba0e7fe6e18c74d,1
dfd57d93bb74dbcf34179fa874fae0b782fa0da9,1
63398681bf11db630cb7d217ddd574985b80c800,1
0f6a4f079e1d60f14a6434ec13964739470e3599,1
1e1ff6be2be4cb261e4f314d044dc21533f19b6e,1
73271beddabca82b8974391ba5a3a5005e407983,1
7bed8a219f7408faafff764b324926f77a49c953,1
79bbc279de68f32f9401f30eb44b33b5c34886d8,1
3df3d22f24fd4e7794b2d58f81a25abc04e007af,1
3108e861d9f49d735019f09920201ce92debba01,1
1c7256d5776d10e4abae145d3eb0309a10eec5bc,1
4d82ee310b412ab773811679c432a655efe81aa0,1
c1bb3f0b1356bac2afd7b1acf7148d5e6609db42,1
d3402d8b0650305af7b484498bb0ce7b07a335f1,1
68f4f752b9e89e612043aafbb6ecfe98c45029cc,1
15c5b43b2df449fd15da5aed01a4a6a15db81e7e,1
b338a5fda13bfe7b0db7cafeb94f9201177f215c,1
fd7b2efce2992d7394e8eddf2baafc164b5eff60,1
30fc3ef79681217740cff873136ba67fad352faa,1
80074b3030655277f9e17f87b44b4608aa3c59fc,1
2a88f6cf8b3689a4c5b4c70bc7c13a48d6468d3b,1
74b57d715ecf69dbfa69676d0a433806799e1f55,1
86c6dea08ffcb72ebf4cde0cd34357c0f8f0ddac,1
b37d8ee137bdd90f59bb164cbdd110338e8ebc1e,1
558502f6850f0daea9ba399115e485a6c79d3ec0,1
d4c8179f5b1b4d13be192320f723b517f4e939c1,1
b1a780167d87b834066c2b22286533b35b2c574e,1
bf6dfc82b6c3e21af0030fb8617488c2b34d117c,1
05337edad4eef23c674ce9391fa240c8dae81cbb,1
67afbcb4c5ba6c3a560464ba1459f241adb5a62b,1
863aaf2688d6170ef4953fb4f136e8124a76c02c,1
9a9c084c632514cf66034831ab5e768bf60b008c,1
59c0ef33d38c58653eb978cea3d55c55509f2e1b,1
fc820f04b672c7b0281980b88290938ed6b2fe81,1
9e463a882977734dec4888937810acd894853aff,1
7c5dfd51ae05f994fff974e0b87e7f6979de3dd0,1
2a0f9c11479b53517b4c1c06a90cabc2ae4d4a19,1
18e7d8f80ea35f7b5173885f8d2b7893befb16e4,1
8bc2d78acfbec9f91aa2f8b7c80973b2734937de,1
b563c870e84eb272677eacd328706b36353a3c86,1
c2074ad677c7ce7719e56eaffdd2732d0404f4dc,1
90912ef87ad4b46f369c8561a4d067cc31f8d985,1
026789118ccbfe8d33e464d5f6e95e453de5b662,1
9fe7b785d0429a368c7f77b4ac03fb392d05cbeb,1
3c0840f99806d7ebfb02b119958b4849a9ec7f0b,1
dfc378fa8a56b8848c1ca801941cbe17ffe9cff5,1
40b4b0327d54dffb3a811fb7650ef3ece35b1860,1
4294857dbe4bc73e1d3ad25e913911d8ba6032f6,1
c7786e0d4fac6787ac1b3f6f8bb6f273f3f9448f,1
b22bbe69d5dfce37a064be842150bd36f817e98e,1
506db226f9799d3d0bb41eb47932299fd1665e78,1
c6afe31d13e463354ee685d564c9082fc1d8cf92,1
251947fe05082d6c7317c22ea89ffa17de6e3975,1
5d23de797c82afce24e337a007f4eaa0885310ce,1
87d15a361789daa27fc60ff31c77a10cc0bdbc7d,1
9e332ab4a537bb601f4efe1737540b10be9d0eae,1
24596febf3ce44086a76e3f7b6a1d9bf43e1e4fe,1
578a5a27f356fe23e1dbef31ac84807acc24f95b,1
5f502e320eca16ad140d866c230746e601e2f3ea,1
d4ac7145c16929b172b5efd1f66f923a9e4553ce,1
e6f5e037dd0df7bb7e875a4336a749898c1bc80a,1
b86d900694e410a80dd22b4f6119331b53a45154,1
1d89b817edbe2e512b7bbaf69b8b9c16ed8d3b11,1
d21318f86fca3f775f8a3c88353abf4efb43d6f6,1
68d5d3b96655306ab0989ec19c793dacc24603aa,1
83904be02c6f70aa19e0bc3fdc07737ab7518ec4,1
cae69be20baf7fdbf9d935ac9b89af3e42a60dc9,1
f46fa119fa37efe8b9c13b44610295bd3106d34b,1
5244101006118e0d176ecc32aec8ee509f5c2055,1
293c48be7da4d960baea85ab17585019bd9a1af0,1
c90dc9ee333bc54869fccb44cba2f7c3a2158deb,1
cf8e7fb1922a4086b783be768ffd3a7705b51427,1
8817b25bb162647105fe2f30571fe4905e31d1cf,1
d1f94ee55dd5968e6107e001b75c190c0c802545,1
fbc7645e27dfa83933cd3a038c79c4cf1f31e64f,1
09ad07d6eaa81371a1489bd93cabbae7faa29df3,1
0d2222b3929eb944fd231540e5352b70e3c7ce1c,1
5492d4e72d25c9cef8d7c999d5cbf7b8b4b66fb9,1
b91982cd1a56b11db2ab7a5fc7decba0cb413caa,1
054d48602c1a03968bbd9ba6c2ffc359b20e6bfe,1
c8f18ba12f434d6ee8cc466ad7bd616b4a2c0b15,1
17feecd1e503390d5cb8555b5b42f99e4afdbac1,1
7c16f5162238b1e6173117055f54d7e79ff14877,1
dce9082d60c364b2dda121a75116e5ec673ac26b,1
21f1a580471bf1ef17a50c1b3793b416e4d7a9d6,1
483cf792ffece6e03a659bd18d30be5b8e48a2b0,1
b08482a6d4773cf38592b73c968f7d4baee421a6,1
8de42307943cb778e27b5a8563b3ae0f93fa3bae,1
3042dca0448c95fc6b96b25e6c801f99126a6961,1
08a31fb732a8451dc38a81dfd5282e6fdab5a9eb,1
4f8ab8e0ac848767323cac42dfa69e7c5a765897,1
4ef09a925d17ec580dcfa7d5a767cae94e9c0449,1
a492d09766ec73c5ce49eaf09a67f0ee2bbc2426,1
8b5e9e12f7d3e5235a62a7c9d07d4dff0c203d4d,1
a77c384ce098c223f67b1773e3d99eb0951687ff,1
eb2e0b65978661613b01b3577b130bd4636111a3,1
21d4d7ab7d94a43d32e85d9b4799f7593f338904,1
96394500e8051fc5fba4c560d564884ba4fc737a,1
3992b06b65d519fe9f2bf04440575948ca54e437,1
4ab8be4d43808edf3ff55cdd7c0137348a2831cd,1
fadafba85b86a1c3301f55b65369b5244f6e3dd6,1
9749313c79a2717a2b6288d4e993bb6a7a7fe7cc,1
f69ea6b44c23ec997282fa1b9a16a2d4830d0a79,1
3f1c3812f3aea1bb2f6860f9a7dc7279cc56d2d6,1
21debcad761587cb6820762982ca9ee7c59b2ab7,1
d6bf20f552e1f5360a662270d39888ae5ba18515,1
0d2bf38f8028c1d471b71e3b09d8acd3e961fd9f,1
f89f2bbff821169fc18158d997fe2bd9f5214f57,1
ff88804b65f595cfc334fbac49b62adff6410dff,1
7d99c6e7717716b3e80a7c6594e3333fb22f233d,1
e0880691675afdb0897a8920d0968ff8b76ee967,1
02152fa15d42ff6a2f0504a3e4b3c9952e2288b3,1
4d484bbfa3e0075ddbe6f2946dc919395adfd206,1
c5ce2208ac207d9d8f63543d94633c65f3be3167,1
01731869cd9b74a921eb8dc34704eac45f955197,1
949689cab438faa5543d5d88aefb286f4d2087d5,1
2c320eed836496cd57f0ed2ebd62e167e9243971,1
4396b587d442100c4cac6b4a2a8cd59cc5a9f442,1
0e7e700f1c562136a8893a341239414c40a86368,1
7a9c72c8060f2de12946f8138bbf7d365d95dcdb,1
4795c9759848ae9450e0b3c5861cdb6dffe00bae,1
e9e63722e2f6f14118881b28aac50b093056c2a9,1
447765fc8c57053f00bf58fcdb17ae34ab55bb1e,1
e4033cf59fa3391a76ed73c607384f659dbfe855,1
e4bf293299ac25fe6b6b3c5159dbe1769371f735,1
a7a5a83194e03e84727089c5d3840d193ce20e76,1
5ce166c72d5f7b6308c32d4f68eec8f3516cee34,1
21ac12edceb70ca118edfdc33581d7c2cf372a05,1
7aedbecd18b0d37bfd614f96936067d2ae9d9d1e,1
3a86a5f9027dbb23c78da4d43b88e60a0ee451e6,1
b938108be5ca2771a8cdf007970aa729e807bf97,1
b976bb158d4ed4ee6d74dab2acca29a84d44b266,1
1deb7a3ff6b47f39d61184aeb7ca36b9929f429f,1
9f196a3a28aa139d7433e68d00d56a57c2a4b254,1
8789eb5c86b7d6c7ee466f24ebb9e0fa8a08b161,1
b87682043e8a59d16df0ac87be8e67e53dfd6e00,1
b1ef669c7090f5fa8ee5b38ea0fd2e70b2c503d3,1
c026b2a53e4036a7e2848ec0115fc6daadd900e6,1
55dab43a56ffc18df8e2b4222b00a85a779b46f6,1
7940c1a1c497dc2769b8a50f8b7dc39e0f061d96,1
80a507b2c61adbb1e9dfdf4d32aaeffb4b1d8d6d,1
433854f57882b81bff7650ab358610b318f476cc,1
f488e95fc1afece49d61444b3169a80e34d1f4a0,1
371e26384470e4ecadd4e434ad40d9f9b6387390,1
9c4281612eed0625ec9f846a4430b913a4ce61d0,1
82679005d9a343e5466413616414f7010b8f3d00,1
388d30b055cbf4d1e8c440e473577c6340cf3c14,1
3f1215077c73f61a2cb2fc50cd69b236922c7c36,1
7206e9096ffd56738da1c3d94ef1c2271847336e,1
c064944171ebb3949fd40e43e6dfc3b96a2bb93c,1
0277764a5c2bd4d488565ad396a3d9a74ce1b9bc,1
b2840db906ff185ad78ee4a7f14eb3cc6a91c100,1
ac2a25e0bfd04ca7ae57ed9e8520e5aa9ba05647,1
47a64cefea705b279849f8b798ade8127c9c6d8f,1
6f511b261fecdd1dfb8476bf10b9212759d17da8,1
adf6a1b105b12b7d48b244995ad4879a01d810d5,1
5790a4caf8d42622b06010731a5ac21427c62b3c,1
36e390824a65e47240bbe0934aa62b55a9b6e1b1,1
0b113d3f44a3f50b24f766efc822983804000324,1
2d65f9d5508f72223f928ca544ee0925a2aa623d,1
beb3a4e49912c3e32ee03457e4c1ef581b5ad271,1
941902bdae0dda78a24859d3b5ba5abfe034b951,1
02d5404ca27c91aad05fd9e4a6ff1acad2a93a15,1
01a7dc6980400cf3538c8b4c508d73b297d5c296,1
3ebf16e8afb1bf4e1fdc11c03c0696a4d11ea6d0,1
07f10903ec4c48ddf5dab0b31890ffd0ebfa92ba,1
5a1bdeaa834edabe78740d1fe8eea2b0354109d4,1
e9ac14b222f9f8541f97d8bc2f0b1ac9d5400d64,1
dccfb23013b4179a37f82c8201f3cc3472891ace,1
eed61eca569aac91916b600090533c258500d839,1
c779b0ef8cff0aad7ce8be725dc5b5ed78e867a7,1
30c871c6b4ae2af2d279b2e33e8840be7defa576,1
e1c25ffbf1e88c602c656367491e30bcfaf53fd2,1
49e6e69821412a2770446ad8965e9ecd6483a6dc,1
b54627deeb22aaa359cbb4636c69a3210f99292e,1
6198174191485b75b2db6321eaf72824f4a1b629,1
cbd8c64138db4823ff3a2b267605ff55e77931e2,1
fcdee86213aafbcbb797ab74658430f8a1a3a6dd,1
ff53dda1684c8c7f4506e08c909d560ebff08843,1
c572d08b8e0f9935951df7089d5e0b4496cfc281,1
24ccafdb5d8656d57dda984a91ecc7e3fd9c202f,1
96ba344bbfa2edb6d4652aa0c8b58011d1c4d5d4,1
5178ed0ca77dfd99b1acefe257789c997be2a90c,1
91c75df089a2735c6c1714fb9007dd5b7cc403d0,1
decfff67955198a5c0fe36f45c712bd57bdae7d0,1
c2913a533784ba8c9f39ed13e03258875f8b53f9,1
31590b1f462d3c68add89f6619c41dba7f5cc435,1
cac69b6f0ba29a9b3eac12f29eb6d4d762916208,1
582ad19c9671cc29ce034fff49d654a78e765bf0,1
644f1bf6d00bd67eeb9232c72eb848c2ebe19ab7,1
76d93ba8c9c027ca5e97e7f29031a7c31e4c549e,1
e4965732b16523850bf6557bb415c7bd99f2c2b9,1
d0911eeb82af5066052e9f6ae06fed1ce015463e,1
5bf539d5740934a84c44b03065be84a89ec82a33,1
ebdc75780829743c52f480e85ae06f563056a97c,1
1eb78976a8a71d7f0b74d72b491e142263ddabe2,1
599eac349f02f8b802691d7243ccc2605b871436,1
a9986601141f8c3512579d30c34c3224af2c4dde,1
267c07d1998525d9cfef2847716da5e5fe2f88ec,1
131289fd0e82cfe9ee7b4b532af4064bae97e07f,1
f374e1f3ff773b0803bf07c6e4b3390d5c4e4863,1
3a9569dd05a8420107bdfcbb6a4662d02570aaa6,1
ace75bcbc6d84db7a68e39c4e90d004b7c5d20af,1
359198b2645b3995d9a64c2c5dc1029ea004b2bc,1
10bd7d9d2be2e5532630adbbe8452a38d620198e,1
54d837059f2ebf4c60c40900b5800862d14a1777,1
d0d4611c3eda0d2f65103b0b9df4bf3832a3c4ef,1
e342a1e4653b31ef882fec013a742285eac9ae98,1
b2b4877b6eb36b445743d667d784ea61dca97814,1
8fa2eacdc68ef09061657a2027fe151fbf4af1c6,1
048f9f93cdf1789f6b66c99a095fdddfe2d3c55d,1
f4563bfb7cead24e16e83c391ca906ea39798b3f,1
946f9617f4af70c3e26b6afb6d0b390f01ce8290,1
5bf41d6a4a259d9c0c2c312772414e7a3e9f9c04,1
7f297b4251edc9191b1236dbda902bba40b10736,1
94a8be1908264ec7d372ace8bd4a54e2c99c58c3,1
46f18d0f44215d0c09d0629a618dc219647bd8d7,1
99b9a60dc33e6981583fc3ac4971412fcec5c34c,1
9daef1ab8fe3485ba53ed6e417b68580d766a93e,1
cbf56d58fac9019e84b7a7d55c0c4f254b81aeb4,1
e6be52744852613324c73b1116326037cc6ef81e,1
5ccaf9604cc2af8341e499d6fefd09d513b9319a,1
9ecde9d169364cd4a199ed5bb2619ec43d49691c,1
60420093e53c11ef5b03ed0edd2b5ba62f090834,1
55ddcc06e729dfe7fdb42831ca16260b16806a35,1
dfbc743a98c83a74a9351f965d11dacebfbcc026,1
1b19f4e14ce7980c0fa0dada546ccd37e1333ca0,1
7fd63f63be2ddc31f084c28eb143546c2b0376e5,1
f03aa5763a378b8479e2eef1c4a45d64ecdf7b68,1
ec1bcd775436b408ba7a8c6a4b767fc0671e032d,1
d3c0994dd4cff90075540b83c5650c6005003c0e,1
0ec072cedfda50c81eb8a40ca6c89e482f1ed3af,1
a03fa4f7a7b9e8faee75a938577e08dd832fdd7e,1
ec66dbb56df742e3ac5cb74cbd4dfc77e554cb92,1
36966f967e51e1c856e17dcace24d283713e531c,1
cfe5a6f390fdcb658d49d3285414dba9098f032a,1
d522ba8aba77055699411c2be1041682d322e44e,1
bad9f6bb1d17f98cf529b7a8094e620b2709c63e,1
218764aebfe267e0e9876fd40a9bd0378486de3f,1
8f3f0db4f7855b00fdb8372bb6bb4ea95ba77051,1
53ceae00aae1eace2a9cc050a411fa137e43a774,1
c1d1b97d7875ece97def9c6f88eaf2db955a8504,1
f3a8abc7037c74798b218ff59953d330ae0a4125,1
72ebc371500a9f2fd4cb6a6c9b3745d2686fb2f9,1
dcb78d83709bd46693c6b17a1c3bb16495c221b5,1
3c9b94c7026dd4f97c69dd35792887e67e2ebcd2,1
5f0157ec93f3b7ed9522414e54d7c588244cd992,1
8fd2283e406b58099703ffd70a2a2b5d693997ee,1
f9ea9eb4f06de9fdbcbcd6dab719abba2d462f5b,1
b9fc0c98e87d23f7599d817f7e755b1715ddbc88,1
0246b938e4b7ab5fe8008a29b6461869d1b1b2ae,1
b46284d31d3ed8ce96dc6dfa7a3196f79d0dfc36,1
6fff29a3855524efe6d736cd44c8c22316ceb233,1
3fb3ff967aa860c25dd726b1f4c51b83431609f6,1
406b540e268b59d35d864838604cb2fe1813f33e,1
ef9fb462e155ae0a75667fec80d2c4d54b3143b7,1
5d0824df4cb5f8eef1bea48fbee2459fdb88d5fe,1
5a59280ae3ce8c60353e473cbf9332cca6cb30f5,1
d1dd4ef1a346eec01e291f3859c2a854d823d1e3,1
6e25e881e01b628cf70b86b5d4f404e29dcb2666,1
c7556c37dcea054b1bc3a732db48ca16c8926f91,1
22b6c9b95cd6a832b584b6bdee678ca7f0a24a93,1
68ceba98f28de1194901744ddb5a31b0799e68f4,1
7993e94c6b0299e26de158a6409bd566f554fdf2,1
cebe1958bd00f52e637e465f3fedb43fce58ff89,1
b7408683ab44e4bc73812a8c0fd7937340219fe2,1
f5047d636abf3b7cf8a4dea4ea4501d3c731b6d3,1
000c082a29ffeb69632148694e7a9dd199613f88,1
fecac984905a7b5f33fd7059ad4866fa526b70ed,1
2847738f394984ee06e92ab77a0234c76a2d0014,1
4912ea4a73592bf9f11daab8aa99d056074d6b86,1
da463488f984786a9655243763a6ebb67856c962,1
2e5cdc206ba68a864f1b8bc1c53d0e0d860a7af5,1
16fa75b2c05a1ca1dabda913e8bb3d5b88ffc190,1
5deabb56f8034653b89a4d6b29129e26db2c617c,1
d8e2c8467681a8435a0800319519d00bacceaf46,1
8b601a991d7761aa485c44812eb3feeda8527125,1
428ba23e71b9eb3f8c6667ec4aa0403d68750927,1
82741fd09d09679c3c22e58efcf014f08d0f8ee3,1
69b7fcd93cf4e4a18636c18ab9b45c136320ea70,1
31e36f2f3a5da68ea6a183127f0ce16c0abcaaef,1
e8038582ef98630ee71902fccfad9439c9c6c7a4,1
7fc8ab70d55fe96629dde17f600237bb9c772c5a,1
f5b3c3a42492b981117076a8675475a6d4f3ab81,1
07c52a074d80e27180fa0adc7ae3f821d5778b60,1
8dfaf0d6c48f596a338a6fd185b5707352edee7e,1
f6daa6025181ca7cebc0d6fbfde3f16c628ec56e,1
cceabbc686a6ff24b89dd8016050f023445c3174,1
11491c599e23b3b495eea5e1a2bf0b6d8f8231e6,1
241282d10788c3473b04e565f17d78ad5f6cf827,1
f86eba42fe4d17e2e73d49842987885e10fec40a,1
ed44eba1da498762349d967b3cb7b91b8c6be63e,1
cd67cfe48c4d420603fe5f62540929ce5cda3eea,1
57b84794f3cdc489c89cc5734c14b8f533751886,1
f590cb49511210e74451517fa89917d442198307,1
b5b863bb311ed50834bce7ac0a83c732f11753b6,1
f638f1d4cd5f1dbd4ec4ba62d217a6052202bb75,1
2bf5fa970294b9ee719688f7bd04d7113fb8e4df,1
671dd185318b268bdfc92b8f81d6a18c12f69630,1
26603f4e0131ec6b5034d11ccedb7d10c943212c,1
16e2322e96fd199bbc77184910823eafbfae3273,1
69dc82fbf3b3643f9715f00c0a8fbe9935e9d1f0,1
e3508137241337e5b726140a3c9abe4db7d9d499,1
c6cc090153d6049f762635dff2c105d6221c61c8,1
d39c0c68db0df135976711ea1eb12c4aad4b907a,1
6c69f19c75dc8509701337faa6d7286a27821b0e,1
16ada4b21eb529748f46c49f8e96f680fe36dca9,1
df3ddbf19de2509b414c1ba44d535f69afec09b2,1
0c3b76ff9bdcba718c15dfc959f7bcfbb25072c1,1
b2abfe2475d1d880bbb81f6d27f8b5ea4770d0a2,1
41b5f73e404fde5cb6778b7f8d8adf18562a8c93,1
833c7885ba50e3683ca837f6e9388b98544830f4,1
59a05dfb71b73f3df8278e2649764a33a99b67b9,1
2a8350d2fb5c8eed7a02fd4d9c39c1e81c53d0a0,1
dc8ee729874e14a035083d366aa0d0fa8315dbab,1
b565c0763094c92d260aed2a5e9334c23f1d073e,1
87a0b24a75e9fa1055f95128038615fb06a4fb20,1
820f364d0cc8d8692f2c7861ebafb98728dd3d3b,1
434ced5471c13d6324db87990e0144bfc2d19cb0,1
88738bcf9af77697a2c83bc9673a48f3244091e2,1
fe2e4880c4b6c65f6a5f8ad4196740658a157d8e,1
335ac3c4b936f9e417058b140cbc3f3ee07f6bb8,1
f3d8eaa508f6c1c0eefd4f41abda7c243b678abb,1
e9484a96fa831c96c4d4f9b7eecc86cf10a21979,1
c19efeb5bb7f19ccc04c64c4be71e49ebd2cb781,1
1b6d52254c54942d9a0c02387fbdcec653d156ed,1
77d38fbce67d61f971e3cbbc55d34b7bc3db841a,1
775eaea7c1c10def459947a4fab5f96dde7b6bcc,1
05de94310065d161455099c3bcd25027c8c78d11,1
426afdac58e9006b7855988cf118cabfff3cb4c2,1
718e7d81b5d91691fded0b752c5cfadbd9796532,1
bcd54545cafe4c00a03a2db0e583a2614d6ad5bb,1
3afd7041f6aa10a0978d002417ff995f31c0de38,1
f93ca2f397bae8114d264c98c8e5c269e9a1e168,1
8b13bca987a4c51d794c52e93a812603dfea8e2b,1
4c5ff1a8925b88ea9be0084f389896cef0430b03,1
75f92f9524d4961309d49b7a049da97acf24049e,1
811bc1a25ec8ffa81ca58d1a050fad704008276a,1
1b46612d025687e4a905cebc83f0549fbca8a247,1
997b3d709005f2b2d4f8e3cdfe15e81175e81bee,1
19d5b316c959f4aba13b68eb51acbf3f67b340db,1
289539ff5c52791efc78f6a00fd493cad95e10fa,1
f975ba93f720cb197ccf6d621c89c41b846d231c,1
6d6127be2dc8bd801af03136c8d2fb08e107a3c1,1
494da1d085bca8296dbcbefb8d4a8ae816cca957,1
2ff030f27ba677b83c80723524a65beed24929aa,1
345d9e3c3647795a96cd6dea3d002c91fbde7e0d,1
8f07515c0fae6092b4aee2030feeab0abc217810,1
d64750b2486a26ca0ef394c35a5ba8adbe46c5b0,1
e7d787f5a5e8cfa5a02921d0513d8a1234467c02,1
e66ec9a321114bcbe594da228b91a9bc0910cfbd,1
fd0619f3fe81e0cb582e6b9494da4314c5c43c74,1
30cc7293aa5707f358d4a568ae80630a6495dc29,1
f87b5d4eff8e6187194cce336a1e1ce95fcdd624,1
d963e5308acd0a8ed1a78fd842f43c9b99613c78,1
ef09154617d0a01970154b86da0e6f36af00a224,1
bd7c558e8cbde0dae72d4fee197223f48325548a,1
6f18793140ba99eecaf60ba0f9419298bd8040b4,1
1753874900dd9bd0c6c8f8ca19adf6d644fc8862,1
c4c2579b58a05f65a78148b81b24b4760e34c846,1
d3cf0c183b92e42e4f48610a526c8548c4f212ec,1
450ef6c5d41c5e1a560f2b93333d156c3cdadb40,1
390240bf0a481cb69fcb4b83ebdfa34c89634f7e,1
cd4d3de1789ceb419cee5d384938edc19b9eb96c,1
003936aff37e9a78e69e4456728345d70f107730,1
1e90c02137aaf125368c7f3d3be6f0db742dbf23,1
e747cb717c0e6b6ad7814d7660a998317a0269f7,1
0bac53cf50b92f26cb3fa7273256b5304a3033df,1
95f7c331bd04837c28bfba26fcc368d583d5f123,1
122035e4307c99cbbe8277e253575074616b1e9e,1
ee7709c0bdaec3db3c5f78ace717af6049d0f6d2,1
b2c41579105bd04791fc658fdba2345051a30925,1
a9099d262f959b09d56514a5356d82878ded9bf7,1
f7de3668313e26159283ea19e4e15783704e37a8,1
e02801958d4a0a167cd86942af62f452825cc75a,1
54a45337caf896aaefcf4402ea92a75ab6d447f7,1
8eba5bfb8171d91e3ad17018c55556bc0de6e53c,1
8a0ea0722c4defc897d4088cecb6b12e87bcb761,1
bb37639fe44b1a5764eb7c3b5f959e97af947640,1
d4859a204d96974e360c65e19cd99ae4bfd49d18,1
c5278ca010cda95081d2d00315f218bd7eb035e0,1
3109507e9fe562d178314f41cd6119618595d775,1
11dceda4e868c8911e66d267a24d5f1c27f396e7,1
c65890c54b22b3049c11a65fc69e92ae17a2a1e7,1
2e424aee05714a3ef4d5f711df25a0b3fea96eaf,1
d138d0235527a628e6ae34631f5564ed76678fe8,1
8c06110bfad87471253eab1b9e44e78b82ac7760,1
105fda4690a789e3640d5bbaaa0ced35e8a85ad9,1
916a3374f73b2fc7f489a5455f083731e08a13bc,1
c176f6dee6ca4f257bba53acb955827d9787753d,1
2efb46512682cfc647fb4f9f85c756be7c8decb6,1
64c3a3c5850334651162170ec9da833716e4f777,1
b5113967fe0737b7e37d9e84c6bc7efd592b1b5b,1
fc0e351e72ad2c005bb4a2c2e6e8dfb4de4f8cdd,1
8cff52b1465e4712a7d9c7cc5cb72a17a636ad57,1
63848ad2d046761047094893527e2d5f7d0e5505,1
3e6ab3c238490d036aa1efe421dfb6d2a72e7759,1
d98447c7a242273ddcea577c0c337099f5024a01,1
ac4c33efdc8cb930b3e04c97f9cd37a6fda6b1f8,1
648007a879dc9d603de2045f5dffaedb684c4f09,1
c1a1cad71e01481aefc07e93293dc5dd7a845eb6,1
5d493207cb0cd54e94571e947df4b178b352d980,1
567133ca053d19de0b38a81b011248e1369b53e1,1
7ed20aa1dc9f361d23306fef8ba194fa3948e1ba,1
4487fa49bf4245d73dbbf9c02ad518ad1d5ca136,1
6ea15d123ebfff44139b319ebf07d3de63a3dedd,1
5666dab4daff030ff5d4ac3e9313b6b6e1abaec4,1
519f6788885cd720dcb9c7f11893f2d04e32e59e,1
97508b6655221fc0f8225648b2083493d4a47445,1
b47b6e33d927136e841e5805138c194b37aa4335,1
6a103314d8d88c7d3bddf0f00357efecfcaf7e3c,1
b0653e9035fe007a9fad091bf2fb7c240227932b,1
834e166c45a6bef034de835321c3e96419e01ed2,1
e261d5f2523b49a2a37c59a085fe92fa315b1327,1
7bcc5b69726d6905f90581a135531e519c098994,1
078468cd45a310dcd10b329e0711fe39fe3794d5,1
a00e6f14c800dcd81cffe80480c0ff8b8ced4bee,1
ffa97c3ad173007e924ffb6e08bde3daac5c6ace,1
01d70914bc0c3cde1f0cd12a869987448755a411,1
67ddb0cf7da3687aa5d2dc0872fd80b234b42520,1
3782f1e68335ef8cb455b7aed7d3ce264b780a6d,1
a971a629ef545ad650a98ec4d911cd10bc2d5847,1
45545bd2cbf124927f0067672d18888737610d6f,1
d5ce1499fd147db5c55f6649d5d3f89e8acf1c0a,1
095362243728409ecc09159370c1638465da69f4,1
9c9617ff12e1e11d3854ca885ba8dc399640fdb2,1
ac7afc9f1b23a2cefa54117c155ef2e868ac2f97,1
9ce34d59049f3b9566fd155d99ca196f954f282f,1
51cef119d377327e557bbf73eb6b7b1488252474,1
0b6a7fbc8be91eb864f13894b51a3a5cadecad6f,1
993818529ad4c8cde5bbd0f541cd451e68c7e95c,1
72caab9b1f6e953fc32198a092050289142f045a,1
792826e039b4ef5800c4affb8515cdd8666f0b86,1
ef234409d63e162ab7e4462399fce6ba4bfbd999,1
749d3dc1c1db7d714fe1af9731eb80bb3db2f85b,1
01435f742435598c1bbd2ec8f400cdc77c609d1d,1
606d27357750619eb16f5ba686383d5205df8ed5,1
a04c1321981d50423ea0891e8250e4db6ffd28dc,1
fbce213dbf96823e44a1739e6f9b12e6ef79083d,1
74b94899b60f5ee135605b48d7ee4a842d19b03b,1
810e21d372c67e674142ade57becb56b9ad708cb,1
dd2c0a771c865579242fe9f3a763df82d60bf97e,1
579415586a78dee98b3fb0f688b07f4adedb275c,1
0a075a9abd42d27f4ca10fed1ff5fb8073d59597,1
ff349c167adb79a00c87b1de6819323101794159,1
56132a340503bac0e66dd2f2094c308f38751fe1,1
dc1416a0225b1a9adcc0f5bf8b95d3fa869fbb91,1
173e247e659311346903ea2b123b015829feed3f,1
30c8acf29b710530c59e8df744dbcdc9bc96a394,1
15079c890326f5f5cbfda4e9deb7c074eabea540,1
bd42878cd430a6e498ce14264140de2f246a015c,1
4faa5946fe2b6b460a2e4b227ee595805f9760e8,1
a7270c053e93f05c1f346c3a174737511e65d82a,1
70075462cb0a75b6e0a4b598ac8600919b1aa873,1
ff252de662d9ade8ba5bcf4ecc9c97672dac8f09,1
f3930a33cbfd5dc4a85a76782089ed943534f070,1
490686d468ec628e2a1ac0778c4ebcb40c4c4f49,1
24abe850aec97cb28f9a7122e2fd8ab024c097b3,1
73c9694e9bd6fa40a1cdec9ee05da173e8827661,1
a0468b58c736dbe6b665db8d7c0f1fd1b10ff62a,1
213ca415193c17b5c2b347bcf80c4c80edb61e1f,1
8b74d11b52c8e03506b63a7815c477d026610993,1
5203f2d84b68f0e6068324c052dbc577374beb85,1
b7f487f02eef90f1e62785b9baa8f6ac179b7646,1
16e83b1af76a624ccd56f1c4fc4b24008e90e487,1
9da929b07acd3a7d92790054d3c1147f23495ffc,1
b6f19422e10707c72a1de78c642aa5e012e3918d,1
ab67d419c74197b4dd080c6f43a3ec556e87e398,1
08a4e0b7212d1d295fae55d5895a3c386082fc46,1
c8efe033c567da0fdb1d252b1013aaf9bfcac980,1
c3349eb2161bd6240bea8e0e28ff37e651b7806b,1
e70e0e14f6b30025d24b9faaa0f7981135e3b29b,1
074b5aa08d640f72dc22983575575a942e5871fe,1
f00d5c650a20282683824c3781b2f2a8ad06d366,1
3c78a4f1ef37cac87499840e1dfcadc9bb131cae,1
c674a7c929caf791399717901850f2b08c2a2c7d,1
882690f2ab876d52ce58e2677647557a1a51718a,1
02d21baebc7b9da1ef8515023ccb549e7e7cc22d,1
803009f57301bd24e88e2d17904d933447ae05dc,1
7b059f6d9e6d468c1a4ea6bc1b1c4a8a2b64e3cf,1
ef925a79733581cfde63ec77c721c2ae736ecde8,1
184503088d812ab2d2be30354056b91d997607e4,1
13306d846c75c744a59cf90f363832130b558233,1
386129b6013c329f13335bdd345cab78706a1c98,1
145dd3108c572260f91336676b842e48e1a742e4,1
0bf7d7a2a7178f940607ecc5d1594713ae7f5c4e,1
c7684fce7e6057d7962cfa4aacad9c5fe62852d3,1
a810f367fb67f76fdecf6c4ea8107be14c22e68e,1
3872e8f7795ab1bc8884750498ac70512d03ea34,1
23c53e3751fca9bc090120956fb0fa91468944bc,1
ea323985ba936f4f8e10895a453d20ba30253ea7,1
0adc0949af118356130235a3af3802c2b8415d0b,1
3d990055742a3a9697ffdd7368075b4fff948be3,1
6142f00126a268ea56287cc0edaca09cd1f2acfb,1
5d578b64c66d6a415b585f92c47da4287f57b2d1,1
127345e38bfd41fe4213e71083b861fde68e607d,1
6ee36519571d96122f36c22cb9dc73745fb1edf5,1
dc6f39291a8b5ccf1e28862a8f9be342af1a4d2a,1
874f6a1e20274cf16e7ac8420b4d0a2b66fb0100,1
c9031e87c4d99e30fe01892cefa772c559174274,1
987916570fe18c9704b02cd07eddaea32662d053,1
a4b7e34055474d2d975a9a6c444257e836cf9bf4,1
047a42b1d5cefd75b19ff20b0155e74a74191268,1
2f5a271a1cce5a785c76826e715a493d83674b1a,1
130608ef6685c42e318ffd56d2c40393bb8be527,1
d911b5dfe2f895e94a044910f37b6af85d1a2135,1
87f683f201dd5d009ae0cc1ffefce9d1478bb04a,1
47fd0ce78712cdae937326c3d71373fd7019b16b,1
f70c97de9eb605114677541c234ddce66c63fad0,1
8be72795afdde3d934e1778d49325ef5b87532fd,1
1329d2a59829ddb582cf605996a05756d2a639e2,1
404145e137d1fc144b9d5f5b6a18e7efcd242423,1
63251b187ccfa9a953f2550c21a18c7ff5d6feec,1
d7a3937b586138ce08696dcaadf7b15f09822214,1
6f66bad243aa91230739158db21cfd9c1e2d7145,1
a407f6ecc5928bd400144768a0f417ffac734c6d,1
31a67e882fa5c205ac32056f97735e1b174648ab,1
fde6901e8820a10ffd98793f43def0723ae2a179,1
47ebe19c8fb582aec4f8c6b63dc4d47fa913dfe6,1
85130b366b0d8aa746c1370aeaafc5fcb5b50fbf,1
23bf35fee437c511d5297baa5b566326d58278d6,1
71901b2e5f85b9db41926d6f9723e542e7cb52c0,1
08b5a3cd2bab5ead7bd784e0996426363968383b,1
c4aa09e617f8d35ec325fe60f3512735d463d684,1
d573125c32c83f5422a4699a51ec9908ebfed4d9,1
1df4e78212522068137af31e05dd40db49bf519c,1
25dc188be3bfec963b3563164024a1705db0cb08,1
7aaa27afa7172bad584210b6e5cf036fe89381b0,1
5b1ed845636bd97c121d10d82143a96c40b145b2,1
2764bc91607642cc353f17523a8d305ac25183f7,1
dbf34e7a085d644324669d53dd2621ffdc422bd2,1
3a29f86708b4bc0796b234018ef3eb7713341bdb,1
a9081ef76e6e75b2a884795f84139dde70445544,1
c2b27fc50d2b20787a762104631d762ae21b53fc,1
a049233d7de150bfab9b4525834cff1079d7d133,1
9c61f4684ac8233bc4fedb901c69338f7539b025,1
f609ca21a7f344f425b40cbcd9038a70c4158baf,1
28af029e6fb0d9d1791cd0695dfdc5edc223052f,1
2306e235addb80c0be2aa2148dc77b5ec81b4bfc,1
25ba0521394d1f734a75df682c7b7ff8875f722d,1
db09270ae9961d12ae67962be99c63e029a29b81,1
28e1a1ff386b3297fd1f2e971fc4af02719ff394,1
ee6983cff7c48c3fe5c46c8cfa9d1325c2db22ee,1
dc19276efb6910135965c5b8dff4017a4d93c8e0,1
d77bad12e8f4e499f1455fe21ec55b80e2700a15,1
db9c869c66caef548e78b809fb93e5cd9e03d595,1
f254b72ef71ac319361d05fee2535e787e041101,1
96f8856871c5adf9dbdbf8c441ea966e231457c4,1
cd50ae20abc8ebb5515997290b88098c87cc814e,1
ab6236bccf28420a24597c1fffe5cf74a0265b47,1
bcb9adb40e3b139d24f7b75bef58253fc8cc2ee4,1
b4a82a21a0cd597c702c1d352c8a5b7b4fccfe0a,1
06a4202d20462f0d712c0b97cd674125022ef32a,1
45f19e90d4dd6952aed12a67bf08fe829b2c5d50,1
533ea28bf5844b5f72120bbc4c3e2442ef372eae,1
02cc328ec0b773bdf0517b892af8b0c00da50bc1,1
e5c68d00dbe25950a566805a7bbfa65daf077938,1
655aa297d92d22f001ce9f8d9a80141bedfadc91,1
13d8dd340cb03c1d138120a49cb2cddcf7e0a775,1
eb2b2808d0872e81158140140e5c8e5eb8ff51dc,1
a49db99fbccfff7bcf08c074b549d1941ca39245,1
8073e9f397ea28a06f9d487b0f89f060408dcc67,1
bf38da8e85e30dd68d0eee0bbb71065b3b7b9781,1
b839e630d4c1a3ec2c97909672b51b7eb1aa61f8,1
f96d6e880cf1bf5b6c88e3b43b2ac7d21e6f3be1,1
f83ae6e7010e0e918231a169c65323b3479e0f34,1
b0cf3876a9a0232cc09eeaf87902872a65c8d2d5,1
87af508d2ff2b13576e37a72f1f7d10a8a42e8a6,1
64335d54eab9420896115b298ed6d675cde6f977,1
f5bb14c068b7db315a0ecefd3cc310b82774dbd1,1
a35e1ceb92997b508247de905b794a0abea4e170,1
bebfee727a7f44dc35658d1a4bbf2b47e39204c0,1
0954bb2db7f6502f6c68475663b8fab5b16d22ca,1
e523529f8e67a270e374cb4dc25fba0144387f93,1
996f37bf073add8ab25d45bf1fff0030afeeaeb8,1
ef85574dcf71d16954cca776e77e4a33a3b2998d,1
2054c7d5aedd3ff9000b69a3c0a39daa001853eb,1
fd99a82b13a730f09026a72c600167dc6eca435d,1
295a09c075be19362170acd9b5c70d052d035d8c,1
87694853c5707fb839ac70d1f5d0293443c7b367,1
c55de9c83c235b8d9e351c6772b835028d7e7841,1
b14ee2dca84681bb2644d9d233e32c62cb823adb,1
5c98ae747e19b26f15ba506c9360fb7c26e07de4,1
4e2616a394f67d9201bb8075773ab2ff242dda47,1
d0d92da6b99a9f0a2f9ebfeeeb97fddf034d6051,1
9f3133702d0c4ec6a49d64a4cfc2dd7f14d146a7,1
9cf8e56103a46a1f2d06d2efbcfcb7fac252390a,1
8351e6f0c6d3494e50bdff247750723b995ee1cf,1
795be2cf302da15c9d41760a4ac9d087ef206032,1
b7232d462ac40a95f94919211d6451639b6369a4,1
49c10e2de051da64c0f4b8ce8b9ae3f5f528269a,1
8eeb28444c12e8dd2495f33d0a7eb0926d6303e8,1
893aea54e90e7a65bf3d4674754f0108b5bfba9c,1
0c988600148a4287f6bcc7f8bffde8733d5ad36c,1
67416c1284ce118edaf039e724aa3fb09ed78423,1
08ad3fec77bf49137fa03b6662d16df08bb8c35f,1
77457b2fc5d365c2bdd4d17b5f30d6e89149afab,1
020649a73323db485a935d9fc26346cd81a97294,1
51229d8768316c88fe04c4e2926d705c90c31f1f,1
a869d1af2ede05b4901b5bb84249649771536d64,1
9e9d655d0b29adcad3a36a01370d127559d8c997,1
ea952d53ea4cbf5477e24aaa487697861568529e,1
da9fa317f3dc79055271245590a56d63d460b656,1
947db8bad6f3f6d211a6ee769ac9c28aef367a03,1
011577e3daaaf84e7e8cfd525a6b9a3712207bc7,1
c8a25ab7e0f114b607f1cacfa8722f99fd18cbfb,1
395b25412f85edf63efe529a480aa8e851f0fa76,1
46220beea91ce365bcaf5c36faeb12708588362b,1
2b32855bf77bbf766cacbc6ff7f7dbde4a2c89a4,1
7c3d198a01e4278e2b12ef9b4c069287ad9c89d2,1
ec4042502d8ac4b4ab6ab8c1a07ca14f51bcf9e7,1
fb6328144b20e5980e093ee4728b9459ee916215,1
7a85635f8d8d980c5e3493416fc4be211b2bacd4,1
ef60bd79e13f393e610faf0fbc1fa1fd56f97aca,1
df4b32f85b520dbb50e3751b4856635aad92ac7b,1
c5c5b383393cb9d1a99c31f3e5b4240a31336835,1
634ff0cd18af1ac4f6cc19372271b683e8618bff,1
107a12dbfed87bfbad45ecdca36bbb391feaaa04,1
7345ad6696975f03c28907ec992e821af689de89,1
983df76f3de44654bedb772f12b9ee59e4227ea0,1
4133bcfb4a26d2f0df723e11c783cb63b73d9f30,1
5fca1e6ff60561d2cd1793c4218fa7398729dc91,1
3d7a973a5134a6ed9619c40ed4f5eaf1092c08dc,1
c7079d62d0608ea05602d9b483024aa5bd4a0e26,1
9f8c53c0d9aa8b0c88464b34a73d861bc53d768d,1
c99999087eb30d76cbe520230ce2c3ac1b3b873c,1
3c14dcc5a890d06ce62dadfc5600af0597ae3b30,1
9e6cba22d70aff6cfa4466a3d5eba04d9340f5d5,1
74e5c9125b9dfdf83be574a65cebc5dee74266b2,1
561f85d846f0b2d4d1a316021b1a5a9a57094446,1
65ef486406e19454ed04ba5196d893e561e8bed8,1
5301324f8f0d38938e35358bfa012c14ca3a867f,1
2a16d2ea1a326248e927acbacc30f8e531a4f2e4,1
0c16d5b6de3df6c1dbbbf24929a23107f1595251,1
e30101d7f9341df511a18d27463e134f34355d84,1
94887de2f272eec62349285e7d5781e976269241,1
3dce4dec29c33b2b0741786914238d02413151e4,1
bb4b71971d995d53ab7a4f63b7519e618e205991,1
336042dc5346dc2e7581aecc1e0272ca43b52e57,1
8a0c53f9dd077c97974e27d1f5b97119dfd75157,1
45ba50d06eec60d17f16f7b23aa72bf843e77ec8,1
cf1271468bb6842d06d2410b8da333a4b5a14970,1
cdad25da5276acdf90f53e6aaa77b31d7f85fed0,1
a1c0dd61e3e2a2f9cdb93b671e529e42a8659e99,1
42ff334f8dc3688ddb5f977d86311e8310fc3844,1
a3d8a835fbf56889d8c543b3f118a240a294650b,1
1765232bb5d2a76ad0bcaec7a12f66b0d0b75899,1
5fc717290cb0fcb17c4d6c077db4a5a8214b613c,1
b64712181fa4190a48382f634c949ced0fdce639,1
2921c490b491a7815aaa284a552a33b4dda340d4,1
bfe7213bd10b39786a60f5e92ff62c1701303e17,1
151d5902df428fb1e899bb3106e658897900ccf4,1
7c59db7f88976ee393f425822129e68b556fb335,1
18162c1a70755e6089cccd723c3a1a2ff06e4761,1
b2324ce8f9d8b62c86af8118fc6d5af42de77c9f,1
2fb4afd87ca1cdde28e1d5bb67b19b145221db7e,1
d12eb69bbeb658cc6e2ebb460d01350d375ed8ca,1
5f2be854c2856def14e145f774bf55aa3e38551c,1
5f22247ce748ce26e88c72a1faa61a41a6b6eddc,1
17b0c6886e381a7c153b7ecac9b84c1161719d57,1
f208498a3b773c195130b1b422ac8d9bff3befdd,1
e08f058745be18f53829b5ed7ae130faf6150b73,1
3d918f9b851667272aee7a05bd5980527bfa21cf,1
709256891d5ddae3537f388ec7611d1a36397632,1
359d91a2b6e1faebf173ce1ca350d6b22c5565b0,1
837ea1afdd2fe5851b5c7b82bbd07d42f5f7a696,1
71391b5ece75e25df811f582da98735fbecae44b,1
286d61101aef8ab02e141aa5c727116672f2420f,1
7ad3663eb8599af11a27453c2f31ddf9d60325c9,1
b4c1d42975ba62939e112613f413ff7969db5cf0,1
d6f3759896d0971b011094be5141319b0c1b99eb,1
4cdb02df675a271a5391678cab41d13868be9ec2,1
18bc43005e6d54addd937b38e4e8992d195e9d59,1
e716f060b375ac60f56716e5dc23a4c627d3be61,1
e6790a5a3ab8ea560854814af131671fb978882a,1
f90ffbc5d20f04b37063d2edd1df7f0a93e36a67,1
3126da56b5ce95c7191447e7b86c541241e948a5,1
8d0b8911c4d06a9931fa6f8420bfe21648114522,1
a352fd7f728075b64804730f4426d59a995000c5,1
64a2f5cf18bac2a0bb6adce3fd5d9e406b7707f6,1
f900529be858f3b4de944dab61f196a13e254d4c,1
cf5684e8a3e878688a84d038ec0b40fbd13e4651,1
1ccee21016072cc6f56bc974cd11ee8aeb603f52,1
7a478a0094220621fb3d936a4ba095066654a256,1
c680514974a3c66eabb478e22609462a35edcbee,1
bb3fd31035db64b548e61e30c66685276775195c,1
65b1de5cbe7ee233b653c1f8daa97e18296b8de1,1
9927435aed1952d09561312d141f816f67661759,1
4f9b57dabdfe3530bd0368ee46f71d9264d0fd43,1
e44bcbc14038b1904d560404963eed9699a8fdac,1
e96c3bd3f7aee8a69d4de52f6c10a5665b61d289,1
d59f41ead1979aa2fbeb6f4b14dfb3ce26fe3d80,1
7280caa0402f6076ba87ac04b426f6201b0af039,1
19e173b4031a4b163d1d6e29f6f0c00806bff66a,1
688ae0fd499d21e8b3ba18fc214c86484de4264c,1
e8a0367ee7e6ef5fe42feef6cc79e7220bb2eb12,1
5bf071082f728a44725f3891719162d62df48490,1
8751ab7a6abcb607a4578a541c9b113fb2119c3c,1
e1f29531ac901f762daf36a73ce5f90518911e25,1
9008a48a67a3d560706339c20cc00476241b3121,1
18a2122d4c206a921d0df3995e54e6a8ee8558e4,1
c9ad39474025f057be9ad447933bd14082935054,1
deb4ba1f0bb4a1166c24fa72012672d93a084584,1
72a3619968c55ad83f1ae2a861ee76a3d5b7f4c2,1
f5507f41682ed34b6b578fb99029393faaec2b8b,1
54e32053ae71507b7e81a4ce3b2a955d65c9f6fb,1
372d327c698a3152ca6d91046c3ba7292a7af132,1
b32275da70f451fed44aa75c4874bb209d4be0c2,1
16ce768edce567243336d6ec581d2f3e6a684f82,1
aea641c82fc8c2f08a461a3ef41702ad754d7e45,1
61b36ba3f2e9103f16b91564c9c3729d3f9d9fd0,1
f7e4de89a56ec9888d269667a80b8770fdf09bd9,1
2be4540b7aca5c3a86fca0de2ddf1be2433780e0,1
973f27eb210266fb66a751102e89b187fddf2470,1
04ef116b863012c20b9d54d5020a64aa92c54a9b,1
289482868e275cc1d5d83c7f5719da4f52823084,1
b6a7fceff28c53e22d2452aa18a3b27fbf124fbd,1
26c9ca88f595510831361f918184f7ef31eab0ec,1
df1e2444406a0a2a60770604acec5cc44288685c,1
f5d90bc6029629bc845734a1d84b24c877fc7402,1
8f23928f9043d6546a83cec53ae8837ad3512732,1
749d6fd5e6b8bf3b36de8286538b27ca0bf81852,1
315c2fd6a9d278b879b8bdcd7241baab32a90865,1
fe4d1d8ea0d7ccfe130214a51b4018936374b5ca,1
89211102bb8cf2324e8d8cb7f9c148ec3ec4c56d,1
e2262675c5a430d33333b4aa53a31f9119988e3a,1
b85f36a71824110b48fd4647c0765fcdab5a402c,1
eac20c187aee4a6406d17a906e8f5ead0f6fa0c2,1
ee89534e12ac5dff445cd2f5d0b4e0348d5b329d,1
f2ffb25e68c71a53d41bb8da047134ab9f126d63,1
2198197ed89a0f3bffb7c55507eb334006555cda,1
c3fcfb49bb19c28ba83bf39f7a08c677bcf7c059,1
8118bc7a24dc8bfdf59ff622eaa32c06bb5c00e6,1
3753a1df3903ce30c82bdce45d630c339b97882b,1
2586bc4a401839c0775eb2d0f14a71e04389cc97,1
83f887f339cda315a0b52096dd83e6c58b4f6d44,1
314a2699e5c1db01f2b0152e8cbc26c308f7a14d,1
39092cd5e507a7a73babefcc5fdd3fd7e99045ad,1
d4c37aee1dcf003b9409bc4b96fd0ae5569702df,1
15a55e5641255b8ca0f3d433d0d522b690828a95,1
526874d5f5b951721e58f20b069f5640c924e529,1
fa53e601ef0491b12a0303a4fa1226c1e9c292eb,1
f22a57596a8d7eaaca0d2c171d8c3821debce571,1
e7ff324b70873d75ac796f95a7e2ff978e839547,1
0ef0ef25b00997a5ac683c9450a23319148abc68,1
f282722a4515117a0f04984513ce1f3e203c7617,1
99fb2f133004d4950d187f2719e7829a4f9316b9,1
2bcbb1261371c30308e0fff2c973b469c25eec00,1
0640110e95d86166eb788c3d6b80963f86125069,1
2077a501511f906b97dd82fc32a9ebb2279d6653,1
21ec70e93a82d8771c0fea80990ca7fd7a0c7068,1
659ba478bcd171eb8da48d777186a493389272e3,1
3360dc7c0bf3f0e90c7e0a18e00af0172134f851,1
2d0a847fcace3b1d80f13327222758b9b2887441,1
3e58b886c0d3a58a195426f9c191574372064201,1
2f47fdf4ecaa5b77a8c9d8885bddfc432c68d6c9,1
ce2c4270c2e1fdab6c9436295eba610fab4693f0,1
25d6a5d0397b9b4af1ee387978bfa86b9c2d5069,1
1f8db942db4d0a15ce9bcc16c57aa607b06c098a,1
5bbfea4ae8a6164d55ed81e4d6f04c16b65ca796,1
c8b7c2ba5ead868c9a01970964ffd30a7c6d029e,1
9c476d89fc2e987726d1b1aa29fbfce030e45624,1
86bbe02317db993c679425c21ba55de1c6ebf668,1
19315fa093afc43b048eec05348179008e7da72f,1
58ea06f27de5b0b4037ef922994c96c7451fd834,1
a12f2b2c7ef17364eebd8f0eb9c3034305e5b96f,1
fceb83cd8a52e5fd7474c954972a0912dbafefe6,1
725c7fcf3375c0dc1f08c3ff811aea9c3b224c07,1
89ad5a9f31ce475dd632fa35b7e0490a894237db,1
f2342f9d5d4f7dd9a7d1a1c765b84c9616c89b3c,1
ef190dac5d76219eeeeb4020ff1a63d77af3a6b8,1
d8ac50d7575f69e7bb017d8ef5b9e64906723d2a,1
da1ac54e06b16f6dc18cc5794556a49c93bbe609,1
4b118093efc1a6dcb4878996f51440640cba2a05,1
843d77f03065ed0dba71f10ac355058c14b2b51b,1
ec1f23c57a1400fa1fa79d97a0127359ce53d234,1
dc1a74a7bf9481738ec7bc1738a74e1d249b9607,1
9c636258265bf9a6d5f243f09d1848782f9e3ec6,1
fcd82cb038c539da4fe515108b5144c0bccd805b,1
4076043aa4b65e7f779e8587b80180ea967e7115,1
d446a492c699052189a9da818dbc5f3ab15443c4,1
2ec395757c6efb5848c89809ab967b1b3f92f118,1
278a313a642569b4e8f3cbe8d8272f46f4288cd8,1
016b773f841c63d4582773714f5f7147c983e410,1
c752eb538fe8a194334272efcb007179ae5e3e12,1
f31ae28dc5b2ec38e9c4a81fc2ede8a2c201147d,1
4574ad0b106dbb2e307007c20d77d1686292a0a6,1
bd0a8c8a8eb0d00714e4cdfd3a7fcdc8c9e3e4a3,1
068353b20e105489945e72b630897673a8a47828,1
4fbd70d8970a2b59612f0a929e9e4bd7f2ed2639,1
d2f2293ff50e2770ed06dfb82ec26c62554a56a2,1
6cac0fc6c500d440fdb637c34f0ca2a76765ebb3,1
b78384aba5d47035ae5f394e6cbf389fc2b3accd,1
612fa1dac76ab1a7ebc8c7fb049241b75434785b,1
790b3c0248023ff68df2b4802ff6ddb767d0cb09,1
b12cdfd0f71b1e263399bbc03f201641aa3ede5b,1
a15dd3cd18989ea74f6be98073441b9ed8205a54,1
67f5b703fbeadb575adf31f64978ba07b0d6774c,1
e42c487de56ae231bd255f5c9d05d5b8975dfc3f,1
c23cbe4fee59c8ef635c3a3d27276c7a3f5dc80c,1
778ecaaae2a1ee140de646b4661837209af0cdc6,1
79a764ccad7b71d34bf56589650022ad4930fa19,1
67446ff18fd2dcb93f0ab4cd31cf1db5bde66d7e,1
a849033b9b636638ffac076dc6e61d7dbb52197c,1
1673e03f0eddc19e1c50f3fd964e745d9ad4df36,1
8e0a8f86136b7c19168d0b5df0d29c8c1c547078,1
2d61d3435968f7c968121efc93aec55676744d3e,1
1aa4795789e72769c14e2e736fa15cb5e11a14c5,1
de7971abf2967adebc0d5f9833846a4c5270e2dc,1
e59c9cd7c4a55900063dd85100cdc549bc32ff76,1
700e83d2d9408d0fc00fff2ac5be718a11129dd8,1
5d9206eadb58fbabf7f13dd703421502fcd52253,1
288e4af63d8f233bf4403dbb1d3dc65dd685b062,1
3cd5a9ce96bd5fc5ba62460e06cd104141523c58,1
d6a1ec2bee729181ae492d0e0f81699239a6a213,1
8c90f31d846bf06669700b6b4238b037eaacb987,1
0afb63793cc57b4a6530f49a913e5cc7571853bb,1
4f79d753f266f53be604c0e0fb358cfd07a27297,1
16e8432c6eb0870a59962ba85f81df3bd483e4f8,1
cf33d9b56c71a6073056f88850a17e851b4ad937,1
d31181109347885ac476bf50e52c31e921fb6034,1
4f8735f048ae04cf8acb78e2682b3fa86bcf30ea,1
ab0e157a4d03462b58bed352ada78779640b61e4,1
f433a49f694ecd6eeccea5964d3bbc556b572286,1
a773a586975ba4349e08033f3f0cc0185fdc3ed0,1
7b622c418e6641e47b10af18de241ad9372c00db,1
a701464457824afa86355cc385d46683e2eb928e,1
4bccd795e21475fc95546e7d204e71b34b1bafb2,1
c1767b4d870e1e6219d2010475538ff0a0a72360,1
791bb0cf8795a6b28af0e84aa4585abf8053f10a,1
6388e1b0953de4977343ccadb49751f3e3748fc8,1
43f01a52254dfe82497642dbce654af911834f34,1
5c46be3201c898821b04721c0afcbb8a4e830f5e,1
3bb0c29ed02d5ae1b9a080458b61fae398575721,1
3b2a1650fb7cebcb1a1c70ada17ac5e6b77c1b60,1
6c2e8d4b3a741cda0b64fca34379985e6d63cb40,1
0cbf067a98a659bd8592a75c61ae171ff6a44d34,1
f9fb7d04879b52011bd9527bc9737437686ebc67,1
27c9e9936dcd682b71f339605579dc6f3e18c07f,1
a3a8ff4f2a957a9ac1ce997a1146b4629bcf4384,1
43a838ffc4fd539c37fed7a67ab1c8fba00aeb6a,1
3e34481090933fdf5db8224ca1165341c43b01e3,1
5eb43f574e300d5aa9f13babb58e8e7fc5d7fd10,1
cfef38921e19cd643a0278e7bb41c98c8a39d4c3,1
a7f32d9f7b3633b4d9e4b730ddfb5840de2cf50d,1
76e2ce71c3729d95ce2148f839bcdeea4cffbae8,1
d2a230ae7d163b348ea59673db5afcdcae841b53,1
1a2fa6fa6ef4434aa823daae19a4845d29273d7b,1
7fe3178b848ca782181939a573b54a72199d3af9,1
b368f47f9a916fb860be8ee01b90fa689d9dfdfa,1
10246478df0f963d6a12c923e5c5a63db1932845,1
50c4a513620be8b501671012977ca145f6abc25e,1
3e4fbc196c861c1394a2dff9be839d38ffc6ed06,1
067e1cb531ae09bd910d0a1dc823039bc294b18f,1
de2ad4741df0e510de34208ed8c3074f142739be,1
2223cf2a51c8e1f380ee7d552641174de2839902,1
8250c0b0cbcb6ab6611a6eab56bdd8d3d50aba85,1
dc4cb0316482852b6e8ae9c102836d3429102cec,1
0d571c352fa007b11ac6aa04fd51d8f59b80534f,1
1ae4e87e36adee1f38c604c4967b8214dc71c277,1
c9110efe922b61555a11d3bb7ea1ba3fb5bf72c8,1
b1ab67b7eb3cf8dabeb56cae19eb151fba0edc00,1
26487ddf8abef6fe268d94b262cac5c07f3cb0ee,1
187ba98491d3999da8cd4694df9ab02397b84c94,1
189e72d3e8880dfd591be5918291e1acf4db5c4f,1
994ad74dfdbbe8ec988b94ce727452b0d66a07f4,1
295f2526455ad1e6fdf4f9d0ba6660202c2778c6,1
82251899a45b3cb47ac7307554c9b2a2fac3baca,1
84e48dc9ed9e12da8e2cb14da7eb26a8f6d02c9c,1
51344427506eec01fe423208d261b7d22fb8a225,1
48aef3e7d23822162dc49f60f15c3cec6874cab1,1
f622cb75c83b2b7b0401328adc3e95e55266e858,1
c9918918df6b1a1238e861010e1c0b16e80ec838,1
446c845132a42356ed834e49fa387d064e517212,1
7120641d92348bd9a402ba1f947c391aa4b09ade,1
1c1f66f6636c8aeefd69677b0420d2130e19cd55,1
00613a11ae6f35453fda3c3028f802bbed087ff9,1
56214cf0b53236f33e0d9e7fba734bc0b7bfab77,1
ca3ea9137d7f29ffd9f448b9db9c993bd74ba1d1,1
9b181746369d2c03f0be6d9168a819f7b0ae34de,1
2df04c194a2fc9131a75b0d0b071587e46c88181,1
79e2aa6909fed70a6d94a3d471d99097ca46f9fd,1
e0b8d8a95bc5bc644600e3eacb209562710c874a,1
1dbd54d7e3801b128a165c7413f5c87c549fd022,1
8171da48a9c8aa184bb04dfea41775f4d7083126,1
ee4d36c74c960a1638051e75f9d012be194b1ce3,1
19e79aa5a961bbe937a017ed48ad4d8b1975d311,1
6407a9febf593bfd41fdbd978830a632e0b14520,1
d3ab9f7c9d6de635a0c3a36779878c6f3ba172cf,1
6be483f75ae85e51a00f8ec75c3b47bd2bc4f3e3,1
2e5c9b007ccc92ebc719d99ebc0efc2fc0e14f82,1
fc8e4d94db33274b5accc15f9bc07e5fe93e9546,1
cc50f5300cb3219d7a516760ff9a97cf96a47082,1
8cb16e7e0afbad961f2e41c1de3c59a4e97bcf0b,1
2c415731619ea27e0df81390886f7a006d2b5204,1
0da38195a9d8b00835760899858be2193e1ac625,1
f05ace34eae4a27b42d15ec204e06420a7ae626d,1
0f5852e17886278be6fd17414f0cbbd2c8f9a3cd,1
fd5d13b2a7ffeb0f57b5030b898b8bfa66fa9d6a,1
a597bfec02cdf3c443ad49ceca6e89514a858499,1
9be56e2dce97cb5fd08f9937a4771202e37dcf21,1
b9f53fec1e93a2b2550179fac76b4a56c5795340,1
a4c4dba490fe258ec871bf0486a069e1d87daadc,1
376a234cb8efea8713677c26cc7065e492790c71,1
abea90621098cc4248058b01ecd378e613c96aeb,1
06358e031ff8b2355887148ce372d1c3a0b44e74,1
c2a56b629183219ad91fd12d143e963e5be388f3,1
d21c9fc71f2f1a175ab1eab00b5361f4e1853016,1
e9b362cdced6d3ec7b983335d77c6378984815d3,1
8aa605b772318bb0301ddb4a499b2520914d4f98,1
7902dab66745cccac490f4795043ac971f32e635,1
11f7b616252ec0281cb99e66d3799d6815fb09b0,1
1008354cb105f410064d1900a42dfe988f52d627,1
a2176b4d0da50efe0b2661bf22dbd3d38d26352d,1
e87eb2fe5d280054d8803900c0586bcdb187ff22,1
d998bb51409208e991cfba4b77257f1f4b3b438e,1
e9267f8293c5e20385da2dc7437ca3da81ae5c38,1
70128810d47e8b8682c57b27519be6c345fe6b1e,1
14ad1f199d98d1a0422ba10f844496782078a141,1
7a3819a48d4e8c693d16f5a8940a64b936e62337,1
2533ecab4255d174ba41dcdfc38340f3825e6bae,1
c79802f0644320c73a11956c24ae94217db19d26,1
bcb66fc782cda3c1b7ea6e7d387cab1fd7f6418b,1
5482c15448fb9ea820709862a6e0dc93fea5adc4,1
2f6331348a7ade80bba122cdbdade54e6aa1e092,1
60834e18f80d87ea64e7f9d0c8d401a7a7045bb1,1
d3ba1f686f11f3e99a1f665e83c8e669252072e4,1
2f43eb2ed5380a80e052dc4c0b9bedd8abe1cff0,1
211fa4b1718e0bf4981b9e580260e7ff7dab6d06,1
b7f08c9b09f1633148f655b703668c9715c0b202,1
fed01c19b2ec7342fa12432b1fce492b39abf9cc,1
a11d8723c72415044e51596b3145b682b33b0827,1
3658e62cef99d6c789c6be77d15c13249ae978ef,1
fbc76e7126cce4b719422cac929aef924510d37b,1
5c46014b21a6f21f1e97634fbe6d094e0022bdaa,1
317120a2d410061dd8e2b5fb6bc17c13c7c966c2,1
b89e1ebe33295329fda4ea8c58c4811229775d4d,1
b43f65cc1344be844f26d6cf8b706aca5ea8e9a1,1
4c0b9c44550edbc237c61f022d158e298e294f10,1
567a0cdd4ebfb7afefad09707532af78f8332eaa,1
2a99e4eedfe01a20cdc73106cef6c5c3f470135b,1
1ab16edfdcab5dfc26d282dc3175c1cf304a2f27,1
a02bdee59f5470cbf00d81d6ba7909459c720b1e,1
2d3be4736177cfc1f77acd2b333fb2d050c0b18f,1
e66f33aca980cfd7c0b38c730f59fb99865ac3c3,1
e53cb7c3d614ac9cf194e5ca7b391a76e8ea8396,1
33b646411d6b408eb8e62c992d5c7e196358cccc,1
aa7ae207bb76cad245103917f8b52f32bd6df41d,1
c573dba38ff1b86c3a6f073235d628f66e8f0b86,1
20f9525fd310d70d119ffdeb42ae87b56a484dcf,1
7f6901b2ad5f2142351e741161b9fb6eac4aef41,1
fb97383520fbfc194722d495c96f5239d3cd2f1c,1
0646a98827444e47aabc9ad842508fb941784c6d,1
66e3579cf7ef06f273c026047ed9f500889c4053,1
07aa15ee64ac6e39433512b0b16e1b8e8d28f76e,1
362951d24b0335136879a7162dc5d3a708a3ebcc,1
9418d3d7af29db6253fa669362ce485a05466e0d,1
f6f7c082e154a103edb3c62ccd19b1fa4388250e,1
8c1a413efd332649985fcaa3186322ea4ae5efd6,1
4e72143083f1e0de00f7588c6cab7f4cd03ace21,1
43b86f5d2bef0e5ec5a8458367a853d7744ea7ff,1
fd44da583b0b4e8fda4e4f7a505838e118cafacb,1
5390a5cc226b2ac7e76ec110fbd27ddccca2acc1,1
bc1f42c206d111e23472e8576f6cca3cfca98c85,1
14ca4ead9eccaf83e1fdf26e90db3ca552a297ed,1
e0640623c0e964996d8f0215bba71760b5f589f6,1
71fc9c1789a1c404b325070c3f6e51eca886d3b0,1
5f07efbe6118635a6c31a663deaba7e30c1d3695,1
51799be4b2a37b7c3b9004cfd8944846077ec299,1
3e7581a88228d8d365f19da619e99752deeb00ce,1
f5e27d316f1f9d449c294b322e33151501e71bcf,1
07afad35c91fde5eba2fc2df94e68a244afb89fa,1
e6f529a9f7ca7a3946788da05b9258a3228cbf7e,1
a41b40be9bea2bc75ae0c0c679f783b32bcf6aa7,1
932676d3959bacd013780a05775da6dc54791c81,1
ed301623216a16ba3b1adb03361fd8be08e8f61c,1
51a2227660ce7fde92b871a53a8c87ffe8b5e170,1
70555e9dda5e81a3975bdf6a07ddcc45d601f34e,1
3adb7801eed73f7e06da35c79abcd05924f372dd,1
06ea83e386a4231d439b99caf879b6855d5b67ba,1
5811f29075e7de18d9b058ada9c06b38a711eef3,1
08428f674c83783b8088d9f402211a1f0cda1a0f,1
67796a236d49a27e6f97ec305f0c57c17431b132,1
8764cec525a76045fd0229583af8d98e79cc430b,1
9a70987dfc452bac24057ef3eaa0993c87d1b2bd,1
2b5bed9f3c4079db4290b200ba4345ac58407bf8,1
0e832b12aef457a95ef4941621f351d63c97d745,1
1d234fb05d542df091b42b7bfcee0acb18ce30b4,1
f00cb92fb02dbe6764c99e1e611849753970a66a,1
0960fb32cf0eb55421b4ef81d4931babb5f79eec,1
37f088bcc2210d3fa6545a2cbea53b3117b7ade3,1
58052fa87fa4eae90d731b07663ef1db399d617f,1
a2205d96c38d86d6b171d4a48c6601232f616da1,1
928a21d249c9f2065b6538c310e34309867159c2,1
2726b1af0e930ce33dc4650b37e4973977ca7c85,1
0ba2fb9cc64b54693caf74cdadf756f583e5f10c,1
630b9362f5579ebc1ff62192587a97f0a3e605b0,1
085d874bfa1f0c6898730d10473485f6de0c110d,1
2bb0e253b26a6a736645ebcf13bddb8a414641d2,1
95cb7d5face4c31935a45440100e8e7768e7139d,1
810665edef01a2c576a37d36cc0f41df22b20a74,1
7acbffc4b0dfe3f44aa09d89df57d2feef59bf37,1
b831afc5273940aee11ee9835652017e2df63725,1
10d5a06c252bf94cdb586348bf75f60aba1c4585,1
8d6d4447c1dd517782b6ea72507895aa18aceb5d,1
beefed51966bd91c1a3b5421c50351d84e746f61,1
0cbeac14804239082aeefc418c8007c9796e16ef,1
88abfde973508b854a77d038ec230c575e2c54d3,1
a7d524d751001e210a59956d311d69e2b95f2195,1
f814a9d1766f5c46e70a21e1e93e623f349dc592,1
2095fb4aa552fd3e4d20cd42e011840d0755e134,1
280c4ec61ae8982272d99befcb8f0def06f128e4,1
7117636a4309e7847f24e2687541335726e0d842,1
419b5307a2f41a9765a8fce4020b4b04684989b6,1
11d5c10c18cfa9399ce11ff1f7cdc96feca0c478,1
0ae8ae6bb9a832d81d4c40111ea056c852c25f06,1
3f37389c515a53a5f024dfded19552099bfdabe1,1
bdfe4b8ab7dcedd87d2e562faea57d505105c83e,1
81797970b5f628bc048c9844545b538e936f01f8,1
81039f00e15d9f7052621c29bd9419cc86ecca8f,1
bf7f079d2bda73a123db1daad80f481a55784dfe,1
24d0cbf322c417e379f8d9e12db89aae1c3eb6ae,1
a10ca29cc27cd015d095e03693a9ef72fa764809,1
d4cbabe534baa52456ba2482b838bb56bcf59ee6,1
ddc659fd94931951ffb37134e068f392ac14f395,1
76b7d07f10087980494165c943337ef057f952ef,1
d5af1c8d9e06977d750eb2faed16254d63b7c0e3,1
abe8956a858d5f4d8d10528bb9520265b2cc8b21,1
cc437eb54c32a2e9686975c6bfe7498486272476,1
4ed8a87c2b4a8b272c02f1a67623ff411d49f2af,1
acdc1333733d1161f2266e69deebe67277826257,1
98322ffdf3b987a4e59c3fb7ae34dc4e81a2a98b,1
60a8e814ff63652f34144d24a02722803b02028a,1
b7288735d92847409701737dc3131a98e012822b,1
9eaca819cf1c35d7b06b689044174298b4b10f1e,1
3bb44850b3ef015375502683b58a66a19bdeca29,1
1156d074d9f45b375248e00634976b132b25d862,1
1df745d7bb0b2a0c6c9514496ad8aadc8d71a7ef,1
c6fdcceb413bb4da550a134c224b42fb3926cd09,1
f0c8fd7fbb911a30e9cb8c804f5e492efbe40fe8,1
69a700847ef65e22b868312efb4e3cbdf806a994,1
2fdcdce06ec188843ed7afe466876ee34bb7bee1,1
4e5f7b3162cfe098d94f35c1ba0c1f4086a7a8d9,1
34c6dc0228f323090e2a72d55f95a51f856caecf,1
3c20364605b2a75b956d1fd6878eb52809eaf8d1,1
9abb8ef559ce39e73a7dc9108fcebec68c653888,1
54bc38ff87ada3e6753f477b9c8cb69cf75ceacd,1
65ed5da2f792787d50c4180f5164f3ad07a0562d,1
dcec235e24a5f1cc32540c1cf03b0c10812457cf,1
b5d5ad0ff454503b921020fddad8dd3dc6e493ba,1
d728c72be41bcdb4123c142a783a3a2d3645f89b,1
d121a318f3e90085d8cf06a1a5262ff9de080a84,1
3fd253615d73915a6154daacd5d5ebce6514a849,1
a49afb1bf4b528e9c865453bd9455416642ca71f,1
2d7aa4064f932bde8f26a84af331fa7c5a550d32,1
531a4b6b7327d929b33913922d6ad70bf1a2cc31,1
c26f7bf608a05fb51148f912cbfa52a591df26cb,1
ca5b1cb6af71e048abf6be27845d8eea4dee3f50,1
62e820e55edf177e81cee4be4edcc6304ae1188c,1
57f83108749b027f2a966dd4760cecb7d4cb69c4,1
73c5a324a354123504710124205e297ec1697593,1
1eab2a106a428535b33977f8fe2f53076d02dc45,1
a9d9a13481bc50b49a11cc59a0e778fdc301491b,1
85e8f12a2091a1bd1eae1e8fd87f872d46ca7924,1
ca89671aed438e9da47cd1b181bf8a54a3407bab,1
330bc0bba2bd68609917ae57142b5c01288d6419,1
8ef48bbb6463dbeb236f07b7a0e80601d3624865,1
001dd0f1f3eb6c98468fb2de0e5ea8997fe4bfab,1
1a3601f23ee160687c6eb9ef84b07609279f3b4a,1
d8a5fc7c3966b9d8291cd59d624e4e45580728b0,1
0365334e3b9ef8a8805425b13f46f26b275ba50a,1
57fd8471bc1fdb1c1c781fd9945638330538a432,1
d8d238fd93fb18287577d3bf018b47d4a034a01a,1
ba65f8b02eb8179f33d6ce757ce8b337ba77b36e,1
48e5a4c9daaf16c4c8247cbe1ccd39be09e29fc3,1
59ba19ae3413e12075541904a2d34f24227b5480,1
c428ba4b4a629c0de34fdd007753d3090752251c,1
c1ce962467fcf6df614e69400e126b1943cd43b5,1
f57d9b154e3e7e797813203a2efc094a5d5860f2,1
c82c8bca827966a6f53cd539e22cfde4740d4eb2,1
c9f742562b812be25e95fdd2427d07709c9d584d,1
10ad7b9cdcfa49b178f42755a7523a3e698fb9ec,1
9401679599799d7e844fdd14c8cf0d88dbcc1764,1
b14dee4e1668d2c33294b6d63065796d57a4206f,1
6e0902475fe998bf8244b459f1ac400ef3377510,1
cbb442f219413e1e4c17a6a55331576c9584c850,1
9d5d9bbd7b6509fd8c1a7dc8931db1da0262f6dc,1
d7373b26766bfb45b1996f603f269f7d060bc640,1
c02ce2d10bf1eeb87cb978a7fbeb331979337c41,1
62df594f26f1206d97a15090a05214107cdddfcb,1
c40947e9030d21f13008d794e38dd972acaf9bb1,1
6afcc081edd0a9d8079debf1c08a29735446ea95,1
bb6e9f8cde494896228d9ac57ad5a56d847277e7,1
41fa71be35446af205ccaf1809142072552eb7af,1
da964dfaae1a4dae4a49627d4fadd7d270c13083,1
a17af2eed53de043e238e81c037a744b32b85f3c,1
6069eae0aec2dce0f0f0e7f4cebb18e1e359967b,1
e5b15b5922c0fd9c8389683d9e8036c8fdad1cd8,1
9a2822600d7fa2d090c3c016e0feaab2a4ecc5a4,1
4662c68ecb88654844ab3cabbd25dcf2b3c7c7e9,1
fcd3774910613b3a9bfb335563e3311d6a0820fe,1
bf732c6f487a850feb3bef5d05c77489731b0438,1
2e6b2d73aa707566c3fad3a67d2c514180a74398,1
fe91a581fdcd441c9d4c0e7a7b99d05d54d5139a,1
e8c0a6e590632321eee25155fb17363bd55c21fc,1
1802e8ae4d7180006490ee4eb837c406f760adad,1
caee0f43d7c25853f0c519f7ff6056a00068cfa2,1
72f81dbec6be0f45c3c6e0a336678cf8275ff603,1
9b17ab642ddb0e2985fcc7db526214f9749d27f7,1
9fb39be2afcd27ac06adba9e4fac8ac65532877c,1
1c01c4d40edd2781e7975f0c8e1624e3a8f3ea4f,1
403cf9e1ce115ecfcf5316f954e82695e784c309,1
5f2c126ffc5a9e97f52e54cfe4191e1f13940f38,1
2bc8051f0861e8fb520b762113dbca967bbb0e1d,1
252a98f1b2615ef1b17bda45357703115f72c59e,1
5d8b865f0fe31db4900c67dc5edd46241f81781c,1
060a6126437295f816569a0c91bcfb051e2fc740,1
009e8585d577d14ed72ae4630296a29ff57bc9a3,1
3b7029191755dc95946a018b133d58c08f9bc7c5,1
986774f490f08812c5c182cd65031823158051d2,1
9bfb5a5b518f3efb740a3cf3b92734a37268cc18,1
58530b4f9c5cde71b320989febcb2374aa6ce0ce,1
f39e9b14d8c2eefb255add512e2ba99e65bd5f15,1
0957df29182339124c744ecf1901eebf70d12dae,1
157c9c295428ec1cf2f41ae67b5cef2d957c1c57,1
e1917d18f3167bb47d4204688f5ca38d2e714af3,1
5c1b5a80df4f7d2fffba841cb107cc649ac4964b,1
5ae358106353deeeb1aaed84bcca0d46e549ead7,1
d06368fcbd61c769781c4dcf6f4af0e0a742cfc8,1
19b288c2cf6b043756db8517654f2c057f3a4434,1
3dedd88deb5ccf94e7aad557990cb3baf5e3f508,1
c8f875b4a72232534bb6dee3dcf6679bfaa9648e,1
0714854e616c776d7241c655afb635c7937cc2dc,1
5f12e50370733d7c53b3c620c7e97a06160a77f7,1
8867634484dae2cc7442b5a43b7ce8cc90868402,1
352e6ca53c6dc17622c5b9f3353a9dfcfe9cbf89,1
7965d826bb776fdf32b1a9411849a3a749a72b25,1
e42f142bb4332b21d11dab4cd51aad5d7d7942ad,1
f8b9d83b35ebea7412f1fd169b80c27c3797be35,1
2137b12705f982c96ad134ee5d1e70eff9abbdf6,1
1626091ce3d64c03b3346c13d6988c97db1f775d,1
bf4acb2876fb16e8e72902889e9252aee566adfa,1
0ec024a9bf2fdd8219e2d5af6f73ee30cea99aa5,1
8cf85b3d5e2a03568e85df4ef57c5b8ae42a57f8,1
439da61edfd1694edc24cb5b90500b4582dfb3ff,1
195ec227f29b3e6dbbbbfebdf4367df9f246144c,1
73f532066e10f52283d868573b63819a5f8b3350,1
cf16034b2d7f61e577f2773ca18a132ee78e1dbd,1
12d945a04f3effc5ab9ce57a6fdcc95ce0b77343,1
276ceb43d4451807309db5ea8bc8572b01aa68ee,1
8242fd3b83cc66e7b5708044698bb23a20f27791,1
62db21688bca79af9afb680c73948ae7654eb339,1
f8c6efaaf641bb8d5e00c2aaedec43b1e5df3112,1
45a63cf8f59502e92d9cc6bee02f8f3aea0416fb,1
39b0bf442e9f532d67fd68cce821dafa573f149c,1
e4a846de2132c94f73097b7735e89c5acdfd9e55,1
8ab8d01b22b13d8458ebd4e76e975e9b88c3519d,1
5832e8d3933b64fd0bbb1d5c87fdc2b3aae08035,1
4eed7ac2d7bcc5721df39d4f38ab5715ae99c12c,1
7a4ea970b308427ce9209f9c0eb85b39112c3e33,1
c5a831139adf7975e7eef5ce8424a5af3cc05a42,1
d6d8652f294599133c79abe36345c43aba8e8138,1
7c7df6a4cf4c945d60a62317549310411a8a2c95,1
5372f6ff2826f688221446f2191c0a1f45dda7b9,1
23c683b63cb1280e4afcc7c8c4e999dfc0145e1e,1
5e568daac058650c9504d6a8237787f0576b5d8b,1
40883c6a9061adc5040db5cdfdc3299612e55197,1
afa9a4d09ecc3f447139febe686a11098d41fb9a,1
0bf68ce340f23302ac2ea2b41ca912a3d722403a,1
aad6133a335d28f839234459b0aa07254efad698,1
d1fc46949a71bb1bcc0f5e2e474b6df627e5c421,1
e42320f4ba8af09a18e3e98e6470f81a357bf51b,1
b5ecf78e247825104f1f187710e58a93ab407f33,1
3ee925c18f4812dc955a9ad744440192c475eeb7,1
35c1e533932c1b5583459b077a4dd30aa3e14af0,1
31cc7f140bd7031ba080cd32f4eaee7a7d1a5df7,1
f933cbd6621d51c17d4568439164dac2e9d71c3a,1
4ab42642eebf8a08aa39765896805d4192bf3333,1
47eb3dd10d152e805f0d857000e49e654dd87947,1
2b3645a49b8b02ed47d03e2f01060e91d8d19c47,1
2ec781265c65976334e133187915ce9ad9a65d8d,1
f8918dcba2b06016568ae63810a5a2c8974ea872,1
f7057e7bbd52cf778a0e76dd8b3277802a52c3ba,1
f13b7a7021955ae348ca87a842df578e837567e8,1
0adeb58a9dd7580f36b85a29a30f7c7aa54b3333,1
42a0627557cdf0af6229b0fd093ccab17bef3b7c,1
a0ee706571d8a1e39d14f0b6276e1c51b2d9e8e9,1
9f1b6c03eb41cced33d11b254ffb1bddc7fc44d9,1
8b2c73b777dcfa68736947c900e00c98fa1248cc,1
6bb3e702d37f85470ffdc3f3f96b216e3e0c88c9,1
741fb7e495195e8d6cd6938750f162b4b7c250c4,1
ce0740cc4582cf65a70a6596cf348eb80e15eac3,1
0d6a5d8e31441ced5aefc3f5e006eb1f81ca789b,1
b8944f608bd4575ce0ef6210c9d9409353a70f53,1
b19b11fa600add97a0683fa973a93a3c0cf47d30,1
870ab837c1ff1d8b48a2fa2cc7f0880adf803f44,1
bbbb7b61b8f66531001c1c0b4c0db2b8710c99f2,1
137c2be36396bdce607accdec71780c8f01cc86f,1
a11c5663b3431070da2177c206c4ce76ebc4b5dc,1
194299967d03aa76907fd6c4717eee21c9511b2a,1
f0d32ba2fe6564acbafbd78c6c864255be55e87c,1
ebb14e9d536af91df80b670248f87c7bb0a43570,1
870be196e30934446065bc701afe589b84477e7b,1
24597fc8746f9ecc1a16c4ddcf6cbabf75ad40b0,1
2ed5ab99051ab358472dab43bfdad38bf5ca70f0,1
6cc935f7e2cc6070f34df8dd213ab4e1309f8a28,1
68c8be88768cb8843746dd30c4c84bbfcf23675e,1
8d28bb4440b2740ee07386637ed56781f1779dbc,1
d9ede06b934547852e1c954aec84c66cdeed5bf3,1
06cd1ad46d15dd592092826128ae5845cf3b7c7a,1
4cd9c7be1bbc42542bad4a4bc83085cfac3d854f,1
13011afbf6fdabd847fa7e4a957f6fdc8b8a050e,1
c26a5f28ed31cc4c522a7becea91d7f2c17feecd,1
bf023e62dcef8d9b824e05a2a77ce0e6526e3adc,1
41b1b244f80180229cd49ccaaddc73025311c4b5,1
6927a5e306de8f0d8f5c4eaacc308c5722e20dbd,1
0de7e62f0b27c7e822bedea04242548a58074564,1
2d34b14797bf337b9cdd44d8c0469917b676e5a0,1
fab3b64f4830d44964cb35e82a5c3b44ef7504f8,1
b29610b647068e86a621359c36bb95491c3fa13f,1
